filename,Mouth,Nasal,Skin,Stool
ID_ABHFUP,1.7559855105672086e-06,0.9999939938077439,1.8988147938844959e-06,2.351391951644981e-06
ID_ADBLNY,1.4530619974722406e-06,0.9999949384063719,1.666727744564818e-06,1.941803886004375e-06
ID_AFAEMB,0.9981505595509482,0.00013802921001900107,0.0016231266285880277,8.828461044458916e-05
ID_AFBBWK,0.9997194606144454,2.022629220345597e-05,0.00024797130528923046,1.234178806183752e-05
ID_AGHEZK,0.9996199075407218,2.398125660948681e-05,0.000339863934327237,1.624726834162317e-05
ID_AGKIYB,7.44377834719348e-06,5.863502087065932e-06,0.9999830631633347,3.6295562309315247e-06
ID_AIQHUX,9.129251287086923e-06,7.84555175499369e-05,1.0154700609311265e-05,0.9999022605305536
ID_AIVFAZ,1.0850356541015198e-05,0.00016308039581378698,1.2150679126101654e-05,0.9998139185685192
ID_AJCBOB,3.31562494966242e-06,1.8854454019218766e-05,3.746065010646334e-06,0.9999740838560206
ID_AJGVTS,0.9990047439852876,1.070602831062888e-05,0.000978728434968787,5.8215514329914e-06
ID_AJKHOU,2.253642928721352e-06,0.9999928985801081,2.5272895886659664e-06,2.320487374748279e-06
ID_AKDVQI,3.51182606575953e-06,0.9999874978270913,3.980364935129242e-06,5.009981907969787e-06
ID_AKIAKB,1.889359348303128e-06,2.378580164265022e-06,2.3003856705430264e-06,0.9999934316748168
ID_AKWSZD,4.0315431588463065e-06,8.312681056298982e-06,3.7945249351326566e-06,0.9999838612508498
ID_ALGOGQ,9.977692996886075e-05,4.861658039327104e-06,0.9998918949462909,3.466465700742872e-06
ID_ALHTER,3.369291785524373e-06,3.06012375759376e-05,3.4806985862701096e-06,0.9999625487720522
ID_AMSOXU,0.3774564685310249,0.0004163765548684922,0.6219259185919889,0.00020123632211770638
ID_AMUYDZ,2.2954440479754777e-06,0.9999920308107255,3.2603762437081124e-06,2.413368982910895e-06
ID_ANSGID,0.00018854811911233466,9.159017664433618e-06,0.9997983216761088,3.9711871144782e-06
ID_AOQGWN,0.00018129300732832955,2.009378576204756e-05,0.9997950789433759,3.5342635335366288e-06
ID_AQDZLZ,1.3679091364141222e-06,0.999997041164115,1.1639878448818707e-06,4.2693890366478383e-07
ID_ARCTEP,2.224730986285905e-06,0.9999924854467194,3.0702455415757776e-06,2.2195767527739753e-06
ID_ARGCHE,2.8526983815996656e-06,0.9999923343362779,3.15616382561013e-06,1.656801515126716e-06
ID_ASNCNV,1.2420716206934525e-05,6.981180160692827e-06,0.9999766887016797,3.909401952680976e-06
ID_ATFRKF,0.003555276162324015,0.9385768802075523,0.003976925295692593,0.05389091833443114
ID_AUPWYI,7.774172976622575e-06,8.739391975139818e-05,9.996348461136164e-06,0.9998948355588108
ID_AUUTWM,7.54331705109829e-05,1.2270374520097804e-05,0.9999052585239119,7.037931056870768e-06
ID_AVMUKC,0.002304661812204691,3.111951063213525e-05,0.9976475729104098,1.664576675314961e-05
ID_AVZMAJ,3.080004553652503e-06,0.9999905585732416,3.894233330040572e-06,2.4671888746858366e-06
ID_AWDNCQ,1.5600654393998482e-06,0.9999947571492024,1.70754132599509e-06,1.9752440321078457e-06
ID_AWHBEB,1.0557057964198446e-05,0.0003380821369852185,1.1658969775544022e-05,0.999639701835275
ID_AWINYS,2.0910072348444687e-06,4.8464571052734974e-06,2.2542342412336913e-06,0.9999908083014187
ID_AWUOPA,2.901456476175476e-06,0.9999907089466367,3.312429835411626e-06,3.077167052002311e-06
ID_AYOAPD,0.9989603231197101,4.3712536471003354e-05,0.0009677169012782378,2.8247442540743202e-05
ID_AYRSVB,0.9999688205919791,6.752744182653915e-06,2.0070233196137357e-05,4.356430642047532e-06
ID_AYUWST,5.890422509539017e-06,2.6967238965728815e-05,6.646452579997501e-06,0.9999604958859447
ID_BAFNRW,3.330956628423658e-06,1.6342676455762726e-05,3.69591114768157e-06,0.9999766304557681
ID_BBHQDM,1.3990184939419922e-05,2.2399596258413368e-06,0.9999823280691995,1.4417862351758968e-06
ID_BBHZGN,0.999212832736246,2.437470369368381e-05,0.0007558816714136723,6.910888646607428e-06
ID_BBZYDO,1.6255405231493814e-05,6.544413318793541e-06,0.9999735445168331,3.655664616688362e-06
ID_BCGAMY,0.003026653640767848,3.1445282285073966e-05,0.9969118687136531,3.0032363294014968e-05
ID_BEHPUD,2.6148460020299085e-06,5.544912086848377e-06,2.9280431164426504e-06,0.9999889121987947
ID_BFALNR,0.9997808980445123,1.134005520187779e-05,0.00020009475527933828,7.667145006502968e-06
ID_BFHWMT,0.9999616338850318,7.018734384706618e-06,2.6878356446388897e-05,4.469024137352207e-06
ID_BGAGEX,0.00016432931772270083,1.3276511095592819e-05,0.9998199445371246,2.449634057035775e-06
ID_BGAQPG,0.004071386601698654,7.5453497224099285e-06,0.9959167767605646,4.2912880142962335e-06
ID_BGUKXP,2.111174412569297e-06,0.999992854038311,2.8280667334652705e-06,2.206720543046211e-06
ID_BGXBIY,2.248767001386283e-06,4.7020210169429285e-05,2.5211831905674955e-06,0.9999482098396386
ID_BGXNSA,0.00030307112663783696,0.0036266784903147766,0.000971207421522979,0.9950990429615245
ID_BIVMAZ,0.9999374413224801,4.93370210873351e-06,5.447392080367708e-05,3.15105460749195e-06
ID_BIZXXH,2.351163759186964e-06,0.9999925203061916,3.638154934135688e-06,1.4903751149169762e-06
ID_BLOYRU,2.144650330053379e-05,7.877415752145057e-06,0.999966277516338,4.398564609157075e-06
ID_BMLXGW,4.004918846748184e-06,2.05709884719985e-06,0.9999926343696414,1.3036126648711366e-06
ID_BMMBCB,9.494298777376347e-05,5.1822578750832905e-06,0.9998964755842951,3.399170056193973e-06
ID_BMOTBZ,0.999922239235477,1.3320356116819469e-05,5.559518824982189e-05,8.84522015647085e-06
ID_BMTDZO,2.171755075463054e-06,0.999992937551561,2.4865118988796903e-06,2.40418146456281e-06
ID_BNMXEV,1.90095799247198e-05,1.780850883081916e-06,0.9999778740857695,1.3354834228567327e-06
ID_BNPBKM,3.819356074077482e-06,1.8674699892918024e-06,0.9999931115601906,1.2016137461920551e-06
ID_BNZPZI,1.7472997668730877e-06,0.9999945949484609,2.224764420447843e-06,1.4329873517296618e-06
ID_BPZJQD,1.0571673608267885e-05,0.0005474514578988909,1.173711653556562e-05,0.9994302397519573
ID_BQALZS,0.9528127360026621,0.00012182310569829279,0.04702790187060227,3.753902103726302e-05
ID_BRQVGL,0.0016347584010013123,1.8255502268298798e-05,0.9983407350396101,6.251057120341778e-06
ID_BRXQMI,3.762001062898484e-05,7.873435265325687e-06,0.9999501074347932,4.399119312516107e-06
ID_BSCLTL,0.9982131877625842,1.7388589530159807e-05,0.0017576584437076139,1.1765204177886848e-05
ID_BSFZJR,2.9125492160686693e-05,0.9999389543823488,1.6315695284364237e-05,1.5604430206176698e-05
ID_BSKTJR,6.0687801182722105e-06,0.9998455946841325,7.337552095596673e-06,0.0001409989836535886
ID_BSUSJN,0.9734692124251546,0.00022180809468510482,0.026158296769471342,0.00015068271068898004
ID_BTVXGK,5.436319733605909e-06,4.54168774822406e-05,5.601490919348791e-06,0.9999435453118648
ID_BTYEBT,2.580052072897489e-06,4.77824975331727e-05,2.4559296227129296e-06,0.9999471815207711
ID_BUHWGN,0.9948677892680394,4.4763389173166734e-05,0.005058241404071564,2.9205938716150065e-05
ID_BUTTHJ,4.896438885593264e-05,6.576973321352774e-06,0.9999412594026971,3.1992351256724087e-06
ID_BWNYHM,0.0003067949603628787,0.005319410760768998,0.0003982922981258788,0.9939755019807422
ID_BWUYYP,0.9989512398305488,8.270489886015699e-05,0.0009032429663090246,6.281230428209584e-05
ID_BWVHUF,0.9997641895524609,1.8506556598738974e-05,0.00020764344995393872,9.660440986333402e-06
ID_BXBUWW,0.00021371227840120158,1.0391072821408116e-05,0.9997716785723247,4.218076452540642e-06
ID_BXGPNO,0.9950983255861778,2.863260146343221e-05,0.004854190181640356,1.885163071848666e-05
ID_BXLGGU,0.000442400580809267,3.925826274874871e-05,0.9994961595221176,2.2181634324473823e-05
ID_BYAFED,0.8815198806262027,0.00031972129825697535,0.11799121731615371,0.00016918075938667895
ID_BYCFRG,0.0010114959444438105,0.006194010133147166,0.005581505221013606,0.9872129887013954
ID_BYTEUW,7.752232381645288e-06,0.9999836855930502,6.21281610022012e-06,2.349358467759381e-06
ID_BYYXZS,1.4721968030867517e-05,3.5460938550099917e-06,0.999979752597353,1.9793407609723996e-06
ID_BZILSP,1.9505286906319724e-06,0.9999937469242945,2.6040257650701455e-06,1.6985212496871405e-06
ID_BZSGLQ,0.998894307012989,3.614546002701884e-05,0.0010594983249562872,1.0049202027740926e-05
ID_BZUXXM,7.036762466739537e-06,4.250403212154902e-05,6.9053493986236335e-06,0.9999435538560132
ID_BZYPZI,0.00023432326586845365,0.0034396550468620618,0.0004871980698302814,0.9958388236174393
ID_CAFLUD,0.9998564485792619,2.6807646602879322e-05,9.922670956559796e-05,1.751706456950563e-05
ID_CAMNHK,2.0672046420811733e-06,0.9999939583138914,2.0463046407131184e-06,1.9281768259671093e-06
ID_CCCVPZ,1.9333263985104293e-06,0.9999939106837187,2.449821198519347e-06,1.7061686844114128e-06
ID_CCNTTA,1.7270193639905406e-06,4.258645571091847e-06,2.591647238894498e-06,0.9999914226878259
ID_CDWNJE,0.00026206513610107905,4.432936621788833e-05,0.9996676391988621,2.596629881899165e-05
ID_CEPPVK,0.9979467706396313,5.0317272170299115e-05,0.001968068459446468,3.48436287519383e-05
ID_CFQAKO,4.0592139149266484e-06,4.857867777493821e-05,3.98425655249574e-06,0.9999433778517577
ID_CFTZNA,3.0282426363114864e-06,1.8070523157793255e-05,3.2250547467936366e-06,0.999975676179459
ID_CFUAPP,2.384919716921733e-06,3.7345036343761206e-06,2.2754724026762543e-06,0.999991605104246
ID_CGQXZL,1.662057880926988e-06,0.999987880942968,2.5670006504755825e-06,7.889998500580965e-06
ID_CHLDYV,2.11749156497493e-06,0.999992562986971,2.8154475893565716e-06,2.5040738746820383e-06
ID_CHLUGJ,3.85727632634374e-05,1.2382696007772886e-05,0.9999421942747214,6.850266007242968e-06
ID_CHVVYY,7.512115636227013e-06,0.00014867147219357953,8.50515297275633e-06,0.9998353112591974
ID_CIGUQR,0.9998316529007187,1.9163525280622272e-05,0.0001353140167217947,1.3869557278827574e-05
ID_CIQIKP,5.322897549873287e-06,2.9208647782353202e-05,5.675656304669233e-06,0.9999597927983632
ID_CIVPPF,2.8701600872107628e-06,0.9999917016519502,2.972354048362933e-06,2.455833914209219e-06
ID_CIZFBU,4.320888952407629e-06,3.3907765730333246e-05,5.743736403874047e-06,0.9999560276089133
ID_CJIVXL,1.902712705861886e-05,2.3430852702950226e-06,0.9999771203772899,1.509410381321574e-06
ID_CKYLDD,7.747433457745893e-06,8.215282536987971e-05,8.407783810567865e-06,0.9999016919573619
ID_CKZWMZ,0.9995972829729691,2.8608496287661176e-05,0.00035971060755691543,1.4397923186457535e-05
ID_CMCJKR,2.817848956925438e-06,7.203860679221274e-06,3.1529334166922584e-06,0.9999868253569472
ID_CMJWBS,0.001039211560373425,3.2450423731318794e-05,0.9989109631941888,1.7374821706232682e-05
ID_CMXVYQ,0.9773449465881365,3.90791421384261e-05,0.022588462391070985,2.75118786541636e-05
ID_CMYHXL,6.743709907306775e-06,4.337018245577153e-06,0.9999864987254012,2.420546445772826e-06
ID_CNJEMU,2.5451781608295525e-06,0.9999909971873315,2.8925958393136545e-06,3.565038668313616e-06
ID_CNVJTD,3.5816492144820335e-06,9.186706512523422e-06,4.011586006161517e-06,0.9999832200582668
ID_CNYSMN,1.991889606374922e-05,0.0007842116926428664,1.9201083432257747e-05,0.9991766683278612
ID_COAYXA,1.6521943085828914e-06,0.9999937277028591,3.047892413508827e-06,1.5722104187276558e-06
ID_CPQIGO,7.828516617232922e-06,5.198036285139688e-06,0.999984065129511,2.90831758669198e-06
ID_CPWFIE,2.6840256558162248e-05,0.006761228099872023,2.993550074452407e-05,0.9931819961428252
ID_CQPBJZ,0.9993866492684916,1.1329929064237473e-05,0.0005945578913913299,7.462911052862914e-06
ID_CRIKEW,6.928060273592162e-06,0.0001634329746977915,7.47288098141669e-06,0.9998221660840472
ID_CRRLME,4.953442707694171e-06,3.948155626290573e-05,4.71445745562138e-06,0.9999508505435737
ID_CRUQTU,0.002342834448011806,1.17207612250818e-05,0.9976386002426777,6.844548085515925e-06
ID_CTBHHY,2.1923550800382165e-05,3.962892706334003e-06,0.9999719004632688,2.2130932244946385e-06
ID_CTHPWQ,3.3578584557658917e-06,1.0286256221721846e-05,3.5827859638466283e-06,0.9999827730993586
ID_CURUPB,2.320075459314786e-06,0.999992282192711,2.95692759415457e-06,2.440804235465283e-06
ID_CURZNU,0.9998299461476049,9.29522979185716e-06,0.0001547306040425937,6.02801856078214e-06
ID_CVBFDK,1.1943674430397589e-05,0.00018292849776023728,1.1678075752192697e-05,0.9997934497520571
ID_CWNXOC,1.6721137159924238e-05,0.0008229726648179002,1.8046771877384786e-05,0.9991422594261448
ID_CXKMII,4.296862500093768e-06,1.3094692138601028e-05,4.794026769043909e-06,0.9999778144185922
ID_CXKXTY,0.9999282861509928,9.074158362829467e-06,5.703465657825101e-05,5.605034065930552e-06
ID_CXYITK,2.2193625346200606e-05,2.918706429329635e-06,0.9999730065212966,1.8811469277184452e-06
ID_CYIBFB,0.00011431208192247389,1.6818000220776885e-05,0.9998596216762169,9.248241639910459e-06
ID_CYRXBM,2.3696884882579106e-06,0.9999940273491392,2.3011166179991413e-06,1.3018457545654497e-06
ID_CZJPWJ,6.655036259269142e-06,6.584970101808082e-05,7.356923202628997e-06,0.99992013833952
ID_CZUTBP,0.0003602906601872803,2.751825551141582e-05,0.9996029137429039,9.277341397428532e-06
ID_DAKOMQ,0.9945518339621017,6.492878739654224e-05,0.005333590746845164,4.964650365657857e-05
ID_DBPGZB,7.513297423486119e-05,9.160416955318954e-06,0.9999100076024445,5.6990063654411704e-06
ID_DCMDEF,1.7782910627893072e-06,0.9999941046518732,2.269964841707856e-06,1.8470922221821043e-06
ID_DCSXUC,0.9999412524486435,4.773099823324516e-06,5.0724355921898356e-05,3.250095611278275e-06
ID_DCYZXZ,5.777478667807037e-05,8.492768131768511e-06,0.9999289877731988,4.7446719914491665e-06
ID_DDCLES,1.2533786138130311e-05,2.2523893954419763e-06,0.9999838234034645,1.39042100199446e-06
ID_DDERSC,0.999808951857558,1.347051589042507e-05,0.00016889568643550378,8.681940115751403e-06
ID_DDGNIM,0.9975974160500817,2.162769274449687e-05,0.002370257323643457,1.0698933530301342e-05
ID_DEACVT,2.361596506002396e-06,2.2521330399866005e-05,2.693792927169224e-06,0.9999724232801669
ID_DEFZNC,3.7466804901599924e-05,6.880619009387418e-06,0.9999518595459537,3.793030135477006e-06
ID_DEHZSK,0.9929148704861455,6.006190942885742e-05,0.006986356876781632,3.871072764397105e-05
ID_DESNNL,1.4692990430724874e-05,2.1808899705965755e-06,0.999981927822058,1.1982975407924588e-06
ID_DFXCET,9.647723676412806e-05,3.5883396168194008e-06,0.9998977194724988,2.2149511202194587e-06
ID_DGIHFW,2.4670588970286127e-06,0.9999916275536459,4.0247122671010065e-06,1.8806751900626815e-06
ID_DGMYWY,0.0036409744968474394,6.674156900235687e-05,0.9962536459184669,3.863801568347171e-05
ID_DHEWQO,2.4552222889531172e-06,0.00010189788787599876,3.2687014074919837e-06,0.9998923781884276
ID_DHGWGW,1.0156088168693865e-05,5.3607247324128546e-06,0.9999817084780487,2.774709050336681e-06
ID_DHZVMF,2.1894562993978255e-06,0.9999849992395382,2.9849627322027773e-06,9.826341430298334e-06
ID_DIHNQA,2.367463843853528e-05,4.1587854256059105e-06,0.999969322960824,2.843615311943439e-06
ID_DJFCZY,4.697437567225856e-06,3.1354075231691765e-05,5.662675255516049e-06,0.9999582858119456
ID_DKLXBK,4.671148330881009e-05,1.092629316282009e-05,0.9999370350964774,5.327127050789191e-06
ID_DLHWNC,2.6006013919652917e-06,2.441642950097422e-05,2.5087151593477755e-06,0.9999704742539478
ID_DLQHZF,7.791959467762231e-06,6.924407126889298e-05,7.5484967168368865e-06,0.9999154154725466
ID_DMOSUZ,0.0002559339762145478,5.290210007373622e-06,0.9997351732769704,3.6025368075469656e-06
ID_DPIERJ,0.9979319978822594,2.7907626337435613e-05,0.002020905520745986,1.918897065708044e-05
ID_DPYKSG,0.00013945973065576412,2.1374001216627723e-05,0.9998272386871127,1.1927581014867689e-05
ID_DQGGYD,2.239372614001064e-06,0.9999933326158635,2.4564679119523643e-06,1.9715436104897935e-06
ID_DQRJKX,5.7766493676522956e-05,0.00023090425306638567,6.201584576608914e-05,0.999649313407491
ID_DQSPHV,9.337088746713715e-05,0.0009416086330703393,9.119279907798336e-05,0.9988738276803846
ID_DQYBXD,0.9986353991844675,3.367353312160873e-05,0.0013069066968512749,2.402058555945869e-05
ID_DRBNSZ,0.007216534813003203,0.00026528737283069677,0.9924467792630687,7.139855109746078e-05
ID_DRCHAK,2.724258424804907e-06,8.082435690857114e-06,3.055620607474331e-06,0.9999861376852769
ID_DSBIZA,4.993714483464145e-06,3.16224743587323e-05,5.542285406351336e-06,0.9999578415257514
ID_DSPHUD,2.6905332686107e-06,0.9999911367365534,3.085334484957545e-06,3.0873956929315786e-06
ID_DTOEMP,1.6970681351923016e-06,2.693394367421575e-06,0.9999941328065244,1.4767309729453725e-06
ID_DUQOMR,2.181039999894147e-06,0.9999932678494108,2.355401781508985e-06,2.1957088078709738e-06
ID_DVNEFD,4.325614675257235e-05,4.767353561689734e-06,0.9999496248470335,2.3516526521581026e-06
ID_DVPYOJ,1.7591959804715e-06,0.9999942474605291,2.241290179038812e-06,1.7520533113106657e-06
ID_DYXRFB,3.3328447513935465e-05,8.424177408234976e-06,0.9999536113538707,4.636021207051255e-06
ID_DYYGRW,4.0034844638219e-05,5.210066068282416e-06,0.9999518900066248,2.8650826687304322e-06
ID_DZAKRS,3.4154334694589734e-06,0.9999901023707938,3.96973637259917e-06,2.5124593641055412e-06
ID_DZCDNY,0.9975475752433226,1.5187975966222402e-05,0.0024291680118739972,8.06876883719704e-06
ID_DZKIUK,2.0455636023799144e-06,0.9999933241684047,2.602997890239328e-06,2.0272701027716375e-06
ID_DZTHPW,0.9998140708056285,2.7334059561554212e-05,0.00014086736680122018,1.7727768008835847e-05
ID_DZYFXF,3.872129880324811e-06,0.9999876985048316,4.160969478939349e-06,4.268395809031045e-06
ID_EANLQD,4.237615079887447e-05,3.6570033537551456e-06,0.9999514652658792,2.5015799682695035e-06
ID_EAPIEV,2.074875966679207e-06,3.280011266947858e-06,2.250986268423175e-06,0.9999923941264979
ID_EAPNYZ,1.8872898690535683e-05,1.0746853077600488e-05,0.9999643756610913,6.004587140464931e-06
ID_EAWZFF,2.1820209740347206e-05,1.2489309557904143e-06,0.9999757667147741,1.1641445297473506e-06
ID_EBAFVX,0.9997984467938882,1.0085109873912117e-05,0.0001864233826198866,5.04471361794986e-06
ID_EBELWC,4.478662242761153e-06,0.9999875713860186,5.325120262201089e-06,2.624831476479534e-06
ID_EBRDMD,0.0011099472833187723,5.997754699162959e-05,0.9987888734487006,4.1201720989057025e-05
ID_EBWXAG,6.200151436126012e-05,4.624857325915549e-06,0.9999303881853502,2.9854429626337607e-06
ID_ECKILA,1.1330507757021797e-05,0.0001807992837139967,1.2758389952248061e-05,0.9997951118185768
ID_ECPNHL,0.9997629122581079,1.0121423030346416e-05,0.00021964302800582511,7.323290855935553e-06
ID_EDUVCV,3.5468250586093386e-05,1.4456166041907539e-05,0.9999442088992446,5.8666841274382275e-06
ID_EDWVNO,5.080134975328947e-06,3.4757397345385744e-06,0.9999895056783452,1.938446944846805e-06
ID_EFHUUR,0.9991957086080488,2.923785846905508e-05,0.0007534790603544257,2.15744731275504e-05
ID_EFKZYN,5.308322946452038e-06,4.158614570224956e-05,5.5402654398914545e-06,0.9999475652659113
ID_EFLZAC,5.976954252142431e-06,1.7089008194829305e-06,0.9999917604599193,5.5368500887199e-07
ID_EFRAIW,1.252779434898488e-05,3.4483059442099613e-06,0.9999818061853155,2.2177143914020494e-06
ID_EGCJWN,1.1685763683654903e-05,7.317078575957565e-06,0.9999768831185445,4.11403919599611e-06
ID_EGRLRM,1.6519553350809798e-06,0.9999951852851724,1.9134909348701768e-06,1.2492685575921032e-06
ID_EGSYYO,2.354090018727446e-06,0.9999922411454614,2.9634885399061314e-06,2.4412759801424925e-06
ID_EHBSHA,1.339422796964729e-05,0.00011014927981341504,1.2762633811269672e-05,0.9998636938584057
ID_EHJZYV,0.9998726753334488,2.982487370395416e-05,7.581188099057259e-05,2.1687911856766612e-05
ID_EJEHKC,0.9998317002896954,1.0970628293005159e-05,0.00015029227021047742,7.036811801323102e-06
ID_EJROPO,0.9992744840612929,2.207015176482418e-05,0.0006882120506688237,1.5233736273562607e-05
ID_EJRTGT,0.00036170633716748045,1.8298007331270102e-05,0.9996125867179071,7.408937594199746e-06
ID_EJUYIB,2.2253472411264373e-06,0.9999919048227857,3.3215214791485018e-06,2.548308494191109e-06
ID_EJXDZM,0.997942948142632,0.00013446960885101826,0.0018772109187449135,4.537132977209384e-05
ID_EKMJZC,5.468615286841509e-06,0.9999780844380534,6.979494138066878e-06,9.4674525217196e-06
ID_EKTTWX,7.616692293448367e-06,4.612716681399108e-05,8.648958128132608e-06,0.9999376071827644
ID_ELCGSP,2.4786408805555417e-06,0.9999913865092251,3.0888479826810333e-06,3.046001911455502e-06
ID_ELMXSH,4.2827666710505226e-05,8.725639170246822e-06,0.9999435721454552,4.8745486641343005e-06
ID_ELWLMP,2.493656101456326e-06,3.028198572331262e-05,2.96917122795904e-06,0.9999642551869473
ID_EMAJOW,0.00026984352890460997,2.9404111647817553e-05,0.9996939926054899,6.759753957855306e-06
ID_ENGLHB,1.2453245011075495e-06,3.481545482354144e-05,1.319410454045009e-06,0.9999626198102213
ID_ENHCCD,5.380120349207052e-06,0.9999834672042324,6.1857632752526505e-06,4.966912143109865e-06
ID_ENOODO,0.9998827055944348,3.098804259996143e-05,6.606309100039164e-05,2.0243271964829366e-05
ID_EOMOBF,1.775633154647161e-06,4.0541818041252395e-06,1.9324858636635785e-06,0.9999922376991777
ID_ERGQHM,0.8114540572858774,0.0002258446012409173,0.18816359106005182,0.00015650705282965069
ID_ERUQTZ,0.00026887742002311605,9.15666058500344e-06,0.999716842401498,5.123517893777802e-06
ID_ESCLBF,5.734858799211264e-06,3.675272760889423e-05,4.669993888120654e-06,0.9999528424197038
ID_ESOHQM,3.3406045400302006e-05,4.759326342518392e-06,0.9999591814028411,2.653225416018944e-06
ID_EUHSAJ,3.991072351122253e-06,0.9999880336371033,3.576295900227465e-06,4.398994645145476e-06
ID_EUMUND,0.0006562819664538345,7.618164336949053e-06,0.9993317050437145,4.394825494738413e-06
ID_EUOCRC,0.9999274250172125,1.2206950253535577e-05,5.165774695398279e-05,8.710285579977272e-06
ID_EVQEWK,0.9998883164816722,1.18871342333174e-05,9.10779752654218e-05,8.718408829021042e-06
ID_EWAEEB,2.3837639144844054e-05,2.71053503704548e-06,0.9999715971425195,1.8546832985964298e-06
ID_EWBQCC,0.9285568231558524,0.00018867069318935438,0.07115587125013109,9.863490082717657e-05
ID_EWLDSP,3.2841699732309855e-06,1.389564646638722e-05,4.13022604741816e-06,0.9999786899575129
ID_EWXVSN,2.365273189170059e-06,4.305234293339967e-06,3.1733449821242454e-06,0.9999901561475354
ID_EWYNGD,0.0020709219317732227,4.397717914823999e-05,0.9978623145999597,2.2786289118758426e-05
ID_EWZCIA,4.890122453723173e-06,2.661868099890557e-05,5.432922648332651e-06,0.9999630582738991
ID_EXBCAT,4.316789012868673e-06,1.6755457088110307e-05,5.547300839247073e-06,0.9999733804530597
ID_EXIPCZ,1.0302598020584967e-06,0.999993993554718,1.5962322237363346e-06,3.379953256313198e-06
ID_EYRGGZ,1.7742725410853874e-06,0.9999944831879033,2.031113508745091e-06,1.711426046993959e-06
ID_EYVEPQ,7.767844205919197e-05,0.0011168652024043087,8.451285852605737e-05,0.9987209434970105
ID_EZJDLE,1.7289839571052932e-06,4.392620886054746e-06,2.037513007172455e-06,0.9999918408821497
ID_EZTVQT,0.9998025047874212,8.429428081987766e-06,0.00018362960629653526,5.436178200195984e-06
ID_FAMGIP,1.4032675824452714e-06,0.9999952373410373,2.169739272694358e-06,1.1896521077269934e-06
ID_FBVDCV,0.012157046348570866,4.750411677366868e-05,0.9877640236143321,3.142592032350791e-05
ID_FDJQKW,1.9057521090542432e-06,2.8007686554432674e-05,2.325317722869795e-06,0.9999677612436136
ID_FGBIVM,2.015537355519263e-06,0.9999936286513652,2.5724252486993627e-06,1.7833860306519408e-06
ID_FGIJSX,1.1268209700750486e-05,0.9999658293788043,1.1984222593328099e-05,1.0918188901861036e-05
ID_FHIWZA,5.0916067990423155e-06,2.1856389328074088e-05,6.221736554508474e-06,0.9999668302673184
ID_FHKIGB,0.9958317849508294,2.5574143319351906e-05,0.0041300408758774085,1.2600029973874131e-05
ID_FJZWNX,7.535546273716677e-05,0.000777535970128368,0.00011408901968245082,0.9990330195474519
ID_FKCFBO,6.0024825102528554e-06,4.384192795234903e-06,0.9999866016181451,3.0117065493301517e-06
ID_FKSASE,1.3459046697447764e-05,6.573922842146604e-06,0.9999756505488961,4.316481564226178e-06
ID_FLPTMS,0.9993821946904504,1.5410841186834147e-05,0.0005922755227855897,1.0118945577230482e-05
ID_FNCBDC,2.2004348507150606e-05,0.0005938248922982163,2.265951355047395e-05,0.9993615112456442
ID_FNIOOK,0.9848989244916468,0.00012728920889014256,0.014900538765845121,7.324753361788882e-05
ID_FNMLKG,0.999889924313175,3.1387700287378646e-05,7.041086494446806e-05,8.277121593093982e-06
ID_FOVLQW,6.61354947775715e-06,3.123142340340789e-06,0.9999882516790752,2.0116291066030666e-06
ID_FQEEFC,2.027170970261407e-06,1.9540263823059462e-06,2.3888777274585365e-06,0.99999362992492
ID_FQMGPK,1.9312899601592007e-06,0.9999942301775518,2.0615462685754066e-06,1.7769862193950362e-06
ID_FRMCKJ,1.233926004216147e-05,4.919411542783496e-06,0.9999799944209449,2.7469074699954554e-06
ID_FRTXEK,0.9995710470998247,1.190717370608587e-05,0.0004088125585324031,8.233167936903203e-06
ID_FSTZWF,1.8831488094742823e-06,0.999993446920917,2.603607089178873e-06,2.0663231843161396e-06
ID_FSVRAD,0.00023986046239263706,0.0092366717030198,0.0002688329346566287,0.9902546348999308
ID_FSYFIA,1.0026840945124741e-05,0.9999706042613407,1.0644590920145034e-05,8.724306793888643e-06
ID_FTAXBU,0.9963663805423058,1.995994964185598e-05,0.0036000907201379473,1.3568787914538321e-05
ID_FUMEPV,1.944206239415986e-06,0.9999934109923212,2.119599027305991e-06,2.525202412129125e-06
ID_FVXHYB,0.9988491895176572,2.317567797477657e-05,0.0011148252374827065,1.2809566885307495e-05
ID_FVYNDH,1.0652898416994976e-05,0.000466985761168251,1.2497409576621776e-05,0.9995098639308381
ID_FWTBNG,0.0001054741648727426,9.68477309869358e-06,0.9998794512560233,5.389806005254776e-06
ID_FXILGC,2.522594137129674e-06,0.99999240698745,2.8764415752461726e-06,2.1939768377427113e-06
ID_FYCAFU,1.522396318272951e-06,0.9999954371059822,1.745453479074407e-06,1.2950442205419065e-06
ID_FYMQCV,0.9998959277541578,6.472805265808813e-06,9.341262908891833e-05,4.1868114875242415e-06
ID_GAQOSA,3.472116175519036e-06,9.021621239847344e-06,3.7069733556781878e-06,0.999983799289229
ID_GBCCNJ,0.0011949605921928981,4.460192616385391e-05,0.9987298124350592,3.0625046584028565e-05
ID_GCQNBX,1.3348322659622734e-05,0.9999601840827489,1.438646816608621e-05,1.2081126425258417e-05
ID_GDAVXE,8.864176528326928e-05,7.78643211836179e-06,0.9998982852929469,5.28650965160688e-06
ID_GDNXCQ,0.9999517676417788,9.068732583825657e-06,3.334479055322898e-05,5.818835084305835e-06
ID_GEIAET,1.8546545496119858e-05,2.015012826149485e-06,0.9999780735179371,1.36492374049182e-06
ID_GGUPKG,0.9993290592560649,2.058874638725997e-05,0.0006361644959162602,1.4187501631515162e-05
ID_GITYQY,5.5119165501082066e-06,0.9999836083700067,5.8985825352619555e-06,4.9811309080058195e-06
ID_GIUONV,0.00011363523423140376,3.955140773866511e-06,0.9998787175497152,3.6920752795347446e-06
ID_GJDSLM,0.9994597697692326,7.939133391177667e-06,0.0005270688102595466,5.22228711674369e-06
ID_GKGCDS,0.0012884420795330567,0.006150740403074565,0.0055302531967734775,0.9870305643206189
ID_GKKZPM,3.5468052901963477e-06,0.9999825031739699,4.105832081644513e-06,9.844188658282294e-06
ID_GLCXOZ,8.163394481321288e-05,1.530724342445622e-05,0.9998946265703959,8.432241366548957e-06
ID_GLDSLL,0.00014316892150591793,2.374002983499702e-05,0.9998180063425401,1.5084706118929912e-05
ID_GLLBKQ,0.9997406863372662,2.3355818813049626e-05,0.00022377043296775402,1.218741095328104e-05
ID_GMAGLB,1.3623085878016061e-05,7.818739648413244e-06,0.9999743740963578,4.184078115810275e-06
ID_GMYKDR,0.9996257909364054,1.8247728438517097e-05,0.0003434598951446228,1.2501440011635959e-05
ID_GNHNVJ,0.994966743140927,2.5093703717300644e-05,0.004994239395943091,1.3923759412617614e-05
ID_GOKJUH,0.9999333677679698,9.713822855624169e-06,4.989639199385977e-05,7.022017180724672e-06
ID_GOLPVM,0.9984110837038439,1.3626758775938692e-05,0.001566431917901421,8.857619478808772e-06
ID_GPUNWD,1.91795840280078e-06,0.9999937797119015,2.4438288977118036e-06,1.858500798055387e-06
ID_GPZVGY,6.460216308786521e-05,1.5054537653807926e-05,0.999911943890978,8.399408280532079e-06
ID_GRTEMJ,7.86592090604184e-06,0.9999786513699512,9.495358263086394e-06,3.987350879459369e-06
ID_GSFJFC,3.1828357045623564e-05,0.0017292026155039943,2.2033858807082284e-05,0.9982169351686434
ID_GSOESB,2.630718535026676e-06,8.730486068492586e-06,3.7799139473229723e-06,0.9999848588814492
ID_GTODPC,3.1438757456238925e-05,4.182024360873029e-06,0.9999617958494444,2.583368738252766e-06
ID_GUEYOJ,4.265441822912478e-06,1.3357727207902658e-05,5.314746099509037e-06,0.9999770620848696
ID_GUQQOZ,0.00029912533807063715,2.6360144256338942e-05,0.9996696858133005,4.828704372419647e-06
ID_GUYLSW,5.002132652905173e-05,1.6966091682653924e-05,0.9999235359468879,9.47663490037927e-06
ID_GVPQXB,3.5932747461995835e-06,1.529988045052652e-05,3.797365372048285e-06,0.9999773094794312
ID_GVZZFW,6.991448565824621e-06,2.830275593768784e-06,0.9999884425223334,1.7357535070062612e-06
ID_GWJDGL,3.442625476202684e-05,2.2186498530537757e-06,0.9999620699588688,1.2851365159998745e-06
ID_GXAHTP,0.9977715528631849,0.00022494019385552608,0.001837393718065333,0.00016611322489418564
ID_GXGVNB,3.4285488826569316e-06,7.896185886673469e-06,3.6377071758565517e-06,0.9999850375580548
ID_GXSXOM,8.454826564316516e-05,0.0043488143930296135,9.617297562250965e-05,0.9954704643657047
ID_GZVBSJ,3.82927707360676e-06,0.9999889616253951,4.965607938449104e-06,2.2434895929732728e-06
ID_HAGLMG,0.9999731127481903,5.379930874912878e-06,1.793415473021501e-05,3.5731662045255765e-06
ID_HCHMLH,9.107450361252632e-06,0.9999728901500771,9.743387711912419e-06,8.25901184969199e-06
ID_HCITXL,1.5264721843840745e-05,0.9998822360257423,1.0299503907179168e-05,9.219974850665114e-05
ID_HDJRBM,5.450361121248585e-06,0.9999801072649603,6.950012965470926e-06,7.492360952978901e-06
ID_HECJPL,2.72069213303847e-06,4.057516174455753e-06,3.290017464868302e-06,0.9999899317742278
ID_HEJUMM,2.108052863444527e-06,3.4038172206876083e-06,2.5657601903188625e-06,0.9999919223697255
ID_HEYXJI,0.9905090556249914,2.9534997928850478e-05,0.009446880656398217,1.4528720681430298e-05
ID_HFCFFD,0.9981816562738559,5.650902960861029e-05,0.0017445173735712908,1.7317322964250114e-05
ID_HFFTBQ,3.786500685801283e-06,8.776873316381136e-06,4.216658949448072e-06,0.9999832199670483
ID_HGAKXN,2.5616414022991003e-06,0.9999915255629471,3.2582653369833877e-06,2.6545303133993704e-06
ID_HGCFTR,4.5371600508009485e-06,0.9999853233119407,6.820672214695793e-06,3.3188557941161054e-06
ID_HGLFGL,1.42496486243634e-05,0.0002708696462118065,1.3802972299752034e-05,0.9997010777328642
ID_HGSQFS,1.0980616720129682e-05,0.00021643124103739583,1.0768197055878657e-05,0.9997618199451865
ID_HGWDFO,2.1763783410599072e-05,5.245321772951975e-06,0.9999700620841057,2.9288107109818237e-06
ID_HHJOJF,1.6885327550384143e-05,5.228950206167807e-06,0.9999750064125895,2.879309653913843e-06
ID_HHQNRS,3.834461951489716e-05,1.2022373483553086e-05,0.9999429294244346,6.703582566866933e-06
ID_HIJDMN,1.7893936479878826e-06,0.9999937207909262,2.7704486413594595e-06,1.7193667843421545e-06
ID_HITNRL,4.3477274809586766e-05,1.2550417286241694e-05,0.9999370465164789,6.92579142539916e-06
ID_HJFWMV,3.5565832166922444e-05,8.160581123944756e-06,0.9999517171348219,4.556451887261667e-06
ID_HJGLOZ,0.0035663638259847696,0.8834798447049805,0.0012369935732273799,0.11171679789580723
ID_HJNVPV,0.9996884146206629,1.2593554954233122e-05,0.00029279142758423433,6.200396798645316e-06
ID_HJRWRC,1.7274637796260613e-05,0.00040476161453173004,1.8813139013386307e-05,0.9995591506086585
ID_HKLNTW,0.9997462989186708,3.5431894223866416e-05,0.00019218173518316568,2.6087451922232244e-05
ID_HLDEDL,1.5540123265343015e-05,1.8562270696096506e-05,2.0065117564383272e-05,0.9999458324884741
ID_HLUGGK,0.999427004950586,1.4614876490669221e-05,0.0005489488799198858,9.431293003403104e-06
ID_HMFMLT,0.9984919516301612,4.621399282462339e-05,0.0014284008386990915,3.3433538314991334e-05
ID_HMTIMT,0.999966092926644,6.7684671816591415e-06,2.2678484424057066e-05,4.460121750282945e-06
ID_HMXDQX,3.0543849691024045e-06,4.167622490289995e-05,3.425374150464356e-06,0.9999518440159776
ID_HPVLUO,2.806588712250902e-06,4.910059605941327e-06,3.1379396681912583e-06,0.9999891454120136
ID_HQJZSF,0.00018720696801480087,0.008458291029904579,0.00038396988536332,0.9909705321167173
ID_HQMIJT,3.3698294775278074e-06,0.9999894017226533,3.646044825660056e-06,3.5824030436924875e-06
ID_HRVNSM,7.401624098825037e-06,0.9999775076409284,7.577248866394645e-06,7.51348610638891e-06
ID_HRYIFA,0.9992624267532068,4.390600333088094e-05,0.0006651455781794625,2.852166528305866e-05
ID_HSUKYJ,3.4151046261058594e-06,0.9999901042074091,3.968275722661441e-06,2.5124122419732113e-06
ID_HTVJNB,1.836824442849417e-06,0.999993818417927,2.2946082629804124e-06,2.050149367157762e-06
ID_HTVKWC,1.0381634321085076e-05,0.0005197612871146936,1.344615566745589e-05,0.9994564109228968
ID_HUFMBH,1.1557235400496741e-05,3.149817362895977e-06,0.9999835352643343,1.7576829024024441e-06
ID_HVISJK,2.8353363131617343e-06,3.349768212959937e-06,3.055243634363667e-06,0.9999907596518396
ID_HWKIFI,0.004236388156348493,0.8806533090487453,0.001468017947473558,0.11364228484743265
ID_HWYATC,2.551623698457657e-06,0.9999908588989728,2.734279779814237e-06,3.855197549134505e-06
ID_HXCRPH,6.119477812981468e-05,7.829247106582128e-06,0.9999266232130175,4.352761745945793e-06
ID_HYTXHX,2.5426613072493955e-06,7.070432560089068e-06,3.208084403531598e-06,0.9999871788217292
ID_HYWCAO,0.9979477418522585,0.00014086187106786716,0.0018246723343539012,8.672394231965811e-05
ID_HZITJP,2.932898474652752e-06,0.9999929636687538,2.4432270251220556e-06,1.6602057465916632e-06
ID_IADKDN,2.500383043246696e-06,4.7436637084180794e-06,2.7983819426151358e-06,0.9999899575713057
ID_IAUNPQ,2.995467769737057e-05,3.2055128596466574e-06,0.9999646421280425,2.1976814007100406e-06
ID_IAYUXL,1.0570342118004355e-06,0.9999963672933119,1.6383272726094788e-06,9.373452037151333e-07
ID_IBCCFS,2.026346628953233e-06,4.4510326946288335e-06,2.5305796434775084e-06,0.9999909920410329
ID_IBDNAG,1.534240250265757e-05,2.393611655096194e-06,0.999981095376889,1.1686089533981265e-06
ID_IBKNZU,1.7170304525001911e-06,0.9999942977789529,1.971572213200029e-06,2.0136183812695116e-06
ID_IBNEAO,3.8126517293954615e-06,4.0757947940148086e-05,4.263198454462078e-06,0.9999511662018761
ID_IBODDC,5.994428340914786e-06,1.0394800476589972e-05,0.9999819849562076,1.6258149748990398e-06
ID_IDTLQJ,0.9999647592329888,5.1583605596315615e-06,2.6390678121542294e-05,3.691728330176349e-06
ID_IDVKOX,5.5287276102004664e-05,4.763636771660765e-06,0.9999366909674162,3.2581197102311785e-06
ID_IEFQOC,3.4777713157102175e-05,5.8699002950946706e-06,0.9999560743930157,3.2779935320938606e-06
ID_IEHNEU,0.0011003666885248215,5.367394309304575e-05,0.9988208764836082,2.508288477399886e-05
ID_IEMAVT,0.00013289166342226938,1.777188248264835e-05,0.9998393897230011,9.946731093958286e-06
ID_IEOLLX,0.9995342543673197,2.161062999915876e-05,0.0004249927759640797,1.914222671702694e-05
ID_IGDVEU,0.0005216073521051241,1.7383033457226657e-05,0.999450645397993,1.036421644472606e-05
ID_IIAVBJ,0.9128752957768637,9.862529160552746e-05,0.086973907707516,5.21712240146974e-05
ID_IJLDZY,9.05243206607753e-06,5.348988947073397e-06,0.99998261420941,2.984369576875193e-06
ID_IKMAKG,3.4407452341614537e-06,0.9999900823112422,4.106219782787941e-06,2.370723740756147e-06
ID_IKVUWD,0.9996754097094345,8.618336624226665e-06,0.00031178347035647826,4.188483584605366e-06
ID_IMSZXP,1.894581537424079e-06,0.9999944319036196,2.222819133247294e-06,1.4506957096421644e-06
ID_IMWLHD,1.3790646716085992e-06,1.7231270681028808e-06,0.9999957356935656,1.1621146946270384e-06
ID_INTDEO,0.9993063017167244,1.1726286809727387e-05,0.0006749401190646251,7.031877401130078e-06
ID_IPIIVK,7.227498274457611e-07,3.200162054729005e-07,1.1458834142224206e-06,0.9999978113505528
ID_IPNWJS,6.956321915494459e-06,4.608326764831211e-06,0.9999852824608784,3.152890441355272e-06
ID_IPUTNF,1.782057256363992e-05,0.00043117392196058635,2.2261185527934726e-05,0.9995287443199479
ID_IQCHWD,2.6191264053751338e-05,2.400040311903127e-06,0.9999704586428749,9.500527593086654e-07
ID_IQGRGJ,1.0755669108448859e-06,0.9999957194858826,2.106261698338385e-06,1.098685508185233e-06
ID_IQUWWF,3.5213359562945037e-06,2.0823354984997608e-05,4.901872629719273e-06,0.9999707534364289
ID_IRJAOX,2.1528291367905513e-06,0.9999932223733381,2.758389009175662e-06,1.8664085158398195e-06
ID_IRWALG,2.875781577391549e-05,4.849786717133444e-06,0.9999636847832241,2.707614284683949e-06
ID_ISGTTF,1.2826988852741785e-05,0.000256935776147167,1.2424491875421338e-05,0.9997178127431247
ID_ISPEXV,0.9997815444208243,3.8087591111376863e-05,0.00015132429271499427,2.9043695349456816e-05
ID_ISTTZD,0.9999398936789263,4.132193460745622e-06,5.342925817175185e-05,2.544869441117511e-06
ID_ITKBYB,0.9993648572418987,2.633997153603818e-05,0.0006014824461505321,7.320340414749411e-06
ID_IVAWBE,1.6887671586905145e-06,0.9999945911407853,2.085349018654003e-06,1.6347430373983947e-06
ID_IVTLDU,2.1472923433752276e-06,0.9999932285680844,2.4118504699000144e-06,2.2122891025312168e-06
ID_IWZSCD,0.004249441035347074,3.00990777443445e-05,0.9956971218001416,2.3338086767105134e-05
ID_IXCKHJ,0.9995003544947901,1.1599164234187832e-05,0.0004807005564383195,7.3457845374730986e-06
ID_IXKYFH,1.1892284910927112e-05,0.9999695169912365,1.1531183327390107e-05,7.059540525249952e-06
ID_IXPYEV,2.611758250743031e-06,0.9999928752932228,2.600421709768447e-06,1.9125268167683573e-06
ID_IYSRIJ,2.0544265729089993e-06,0.9999942086628567,2.301294670358948e-06,1.4356159000681384e-06
ID_IYVHTQ,1.3173420923697984e-05,4.352757506001842e-06,0.9999799775401509,2.4962814196019247e-06
ID_IYZNTX,1.4350880317222895e-06,0.999995077084659,2.220449144166376e-06,1.267378165182355e-06
ID_IZGKUA,3.3392441744410756e-06,0.0009182935704739245,7.119362800108394e-06,0.9990712478225516
ID_IZTUIX,0.9978944226334194,0.00011128011103837587,0.0019134516559970284,8.084559954523476e-05
ID_JAVLTI,0.015636585029998363,0.0001117407980391905,0.9841399152808346,0.00011175889112793847
ID_JBBPNR,0.9996855004023074,5.4935688327394786e-05,0.00022613161302812966,3.3432296336877e-05
ID_JCFYTI,3.48830412497087e-05,3.0436698146244168e-06,0.999960468205922,1.6050830135988203e-06
ID_JCPCLB,0.9977047933697639,3.59581047808906e-05,0.0022371535126904265,2.2095012764805283e-05
ID_JCQLQG,0.9989013669019727,2.800511275264026e-05,0.0010504159359343845,2.0212049340382463e-05
ID_JDCHUI,0.9337929116839765,0.00014131614115546072,0.06595723801050046,0.00010853416436749347
ID_JDEOCS,9.147363025366984e-06,5.794442865118236e-06,0.9999813245650613,3.7336290480779834e-06
ID_JECZIE,1.2066238085705696e-05,6.110931604495007e-06,0.9999784048605732,3.4179697365407967e-06
ID_JEJIUK,1.9334972153292976e-06,0.9999935133410227,2.0181455063232743e-06,2.535016255750414e-06
ID_JEQRYR,4.473766480910238e-05,8.841155734762753e-06,0.9999445016596771,1.9195197791408746e-06
ID_JHDIEV,1.3618400558387273e-06,1.599083847190657e-05,1.4011152754501472e-06,0.9999812462061968
ID_JHMOXA,0.9992783993158866,1.1160429292106286e-05,0.0007022959014886087,8.144353332934542e-06
ID_JIFUYY,0.11441536520996817,0.001999482648675922,0.8829141790273247,0.0006709731140312518
ID_JIVAMT,1.2009535498961212e-05,5.354063130413369e-06,0.9999794172282329,3.2191731376983514e-06
ID_JIXSST,7.864225672747968e-06,0.0001170378855925549,8.894027271976681e-06,0.9998662038614626
ID_JKVAAC,7.94615523503461e-06,2.4509156688639763e-06,0.9999880863107954,1.5166183006644716e-06
ID_JLFTVT,2.0475122468821972e-05,0.0011567150125382135,2.2532800875169205e-05,0.9988002770641179
ID_JLTBFO,2.439171853748273e-06,0.9999923351247093,2.6331126283046412e-06,2.5925908086818654e-06
ID_JMFWFN,0.9902503417994278,5.922681985059459e-05,0.00965226234508483,3.816903563663406e-05
ID_JMGROA,1.9676846355789153e-06,0.9999853351131259,3.3585714690449902e-06,9.338630769444417e-06
ID_JMUPYH,7.783658260921232e-06,0.9999708951093289,8.57179620353071e-06,1.2749436206574624e-05
ID_JNFGCU,1.966963540478667e-05,2.8562184158603384e-06,0.9999759408806099,1.5332655694936431e-06
ID_JNLKEV,0.9993917943203329,1.0535526246615734e-05,0.0005921666644280677,5.503488992720518e-06
ID_JNZOKX,0.00040968669464234997,8.49639203348882e-06,0.9995767050556474,5.111857676824401e-06
ID_JODBGW,5.0774878407654705e-05,1.1765086608885384e-05,0.9999326903274279,4.769707555517535e-06
ID_JOFKPL,0.9999205546403658,2.8652369173549594e-06,7.469456700754283e-05,1.885555709358467e-06
ID_JRKXJK,6.701849146132583e-05,7.273863308779451e-06,0.9999207511006016,4.9565446282233656e-06
ID_JTGTDT,0.0001187476768094933,0.007041115106579128,0.00012958736869560358,0.9927105498479158
ID_JTSIEM,1.8934399008951201e-06,0.9999927866137555,3.5223595431246064e-06,1.7975868005703205e-06
ID_JUHMAV,1.9544999300045313e-06,0.9999915266797886,3.982814532690604e-06,2.5360057485765893e-06
ID_JUQIPF,0.9996663309045448,1.4277702915304127e-05,0.0003088991732854324,1.0492219254315404e-05
ID_JUVDVO,5.492587168212043e-06,2.184111129870095e-06,0.999990919523863,1.4037778388550854e-06
ID_JVEFEE,4.621239282989208e-06,2.8791423720199697e-06,0.9999907609227588,1.7386955861822174e-06
ID_JVLRWQ,0.9928447192727975,9.952187716046716e-05,0.006987145864355146,6.861298568676111e-05
ID_JWOPRN,0.9999023555600964,4.86112737294482e-06,8.964340720100715e-05,3.139905329551887e-06
ID_JXAXIB,5.7730296119157235e-06,0.9999821905929417,6.2301245436559115e-06,5.806252902923698e-06
ID_JXCFZG,4.884732495452785e-05,7.735109964160371e-06,0.9999409389831233,2.478581958238541e-06
ID_JXIJHK,2.3366869239481806e-06,0.999992628176695,2.5078428828785835e-06,2.527293498202637e-06
ID_KAWYYK,2.072054672171912e-05,2.671095687238503e-06,0.9999747798260064,1.8285315846486447e-06
ID_KCDUYG,6.826422100180569e-05,3.4767508492031712e-06,0.9999264520339145,1.806994234471508e-06
ID_KDUBNX,2.5868462740848105e-05,2.028872680814254e-06,0.9999708832849401,1.2193796384170921e-06
ID_KEJCVV,2.1712733102925362e-05,1.051681314080475e-05,0.999962139895616,5.6305581403192375e-06
ID_KGGOYX,0.0007577693817069707,8.066228298695126e-05,0.9991388753672904,2.2692968015653332e-05
ID_KGPLHC,4.467616290569289e-06,1.780851059691321e-05,4.942890451972288e-06,0.9999727809826606
ID_KIGPAK,0.00019814492653797742,0.9950583653882681,0.0003354242906927527,0.004408065394501095
ID_KIMKCB,4.5201497167686424e-05,1.4391742082880112e-05,0.9999324684158519,7.938344897519167e-06
ID_KIQVVD,6.987120920837521e-06,4.411234920712538e-06,0.9999861410501639,2.4605939944605532e-06
ID_KKJRNI,1.0947057143631556e-05,2.338057343869022e-06,0.999985511148652,1.2037368604750397e-06
ID_KKOBOD,1.2850989414104317e-05,2.064326005017585e-06,0.9999836686404086,1.4160441722512465e-06
ID_KLRPRZ,0.00014487963516712348,6.558178739583454e-06,0.9998451468914066,3.4152946866548976e-06
ID_KLVYAP,0.998465976135048,4.792078642066774e-05,0.0014611857739712545,2.491730456008724e-05
ID_KMJAIJ,0.0018639758847137516,2.695657492050399e-05,0.9980962301419822,1.2837398383560396e-05
ID_KNLXQL,2.2261308663949213e-05,2.2920096642468654e-06,0.9999739716617122,1.4750199596432975e-06
ID_KNUZPA,4.86626290504661e-06,3.2385801988842395e-06,0.9999897537677761,2.1413891199106663e-06
ID_KNZDMP,0.9997553376751047,1.9647838815994176e-05,0.00021248429638278976,1.2530189696434293e-05
ID_KONGKK,9.894370932193168e-05,0.0005373071321447331,0.00011006182976247294,0.9992536873287707
ID_KPMQMU,1.4200714452623595e-05,4.8161436490612445e-06,0.9999782948577117,2.6882841866471317e-06
ID_KQZHKZ,1.6780411379935045e-06,2.785700862732613e-06,0.9999940304344337,1.5058235655981608e-06
ID_KRHOBX,2.0945079086057072e-06,0.9999924021399195,3.2885396230153247e-06,2.2148125487993595e-06
ID_KRNXGB,3.1479196309898345e-05,3.945952378485082e-06,0.9999624632009128,2.111650398967907e-06
ID_KRPYRQ,1.5747130928462412e-06,0.999991123821913,1.9107764616076234e-06,5.3906885326337266e-06
ID_KSJZYW,3.503421311570609e-05,1.184712059694345e-05,0.9999511723988694,1.9462674177785183e-06
ID_KSRKIN,0.9997782562901265,2.323933351277317e-05,0.00018371179421262153,1.4792582148040152e-05
ID_KVGOQK,1.8027484883704242e-05,4.708043166874725e-06,0.9999746389295143,2.6255424349959948e-06
ID_KVSAIV,2.604294755610266e-06,0.9999934312414038,2.2398134208962923e-06,1.724650419727068e-06
ID_KVSMTQ,6.72402883554677e-05,0.0037337729449312515,7.393412740095066e-05,0.9961250526393123
ID_KVZAOY,3.4476820462303992e-06,1.7688888345348285e-05,3.859536927612915e-06,0.9999750038926808
ID_KWBWRZ,0.9996906268545692,1.2932780419904838e-05,0.0002896894787823182,6.750886228513584e-06
ID_KWOISI,0.000219395187529583,0.9644675701890697,0.00028802188527049034,0.03502501273813014
ID_KWQHIP,0.0004645648365738719,2.3575097666788747e-05,0.9995071917616702,4.668304089110114e-06
ID_KYHLUP,1.0530388081442791e-05,0.9999689418382273,1.1281494881618179e-05,9.246278809616027e-06
ID_KYILXT,0.9969394459523613,2.105913313531016e-05,0.00302592711819349,1.3567796310088177e-05
ID_KYSBXX,1.8498780415821615e-05,1.9450690167062434e-06,0.9999783031466889,1.2530038785106512e-06
ID_KZHWLL,2.0548364106347825e-06,3.9504891927119484e-06,2.2331934129500308e-06,0.9999917614809837
ID_KZTCIC,1.976756232256124e-06,0.9999940108041685,2.2671030532908222e-06,1.745336545865887e-06
ID_LCBVPJ,0.0010036652368911715,0.006152494251238237,0.00553183011658771,0.9873120103952828
ID_LCRGSC,1.364437490761449e-06,0.9999962673696376,1.4908971344500633e-06,8.77295736947354e-07
ID_LDNFCA,0.9999566247414323,5.265138148735189e-06,3.471534187538995e-05,3.394778543292747e-06
ID_LDNOVV,0.00012644226861047687,0.002676391147609009,0.00016469614751318367,0.9970324704362674
ID_LDRIRX,1.8803827461430744e-05,2.419871419729809e-06,0.999977273988194,1.5023129249256961e-06
ID_LEYQFD,0.9999613027461867,1.0488953259471227e-05,2.1184290886729474e-05,7.024009667193871e-06
ID_LFCWWU,2.093928315426566e-06,0.9999924821994316,3.121647577862305e-06,2.3022246753044626e-06
ID_LFXTMI,3.5033846491584747e-06,0.9999900616528753,3.940945886231041e-06,2.494016589134216e-06
ID_LGFAYI,0.999752789684524,3.922485393418533e-05,0.00018303895618619923,2.494650535553492e-05
ID_LGFEKR,1.578036515079822e-06,0.9999947100470604,2.258090899808264e-06,1.4538255246344182e-06
ID_LGKDBX,0.9991740881926697,3.0410360575624092e-05,0.0007868855505042725,8.615896250348865e-06
ID_LGZRGZ,2.5200745502945155e-06,3.136972354788578e-05,3.3678404466526844e-06,0.9999627423614552
ID_LHOFOL,2.0363839869454334e-06,0.9999946813976047,2.0199063320354615e-06,1.2623120763151009e-06
ID_LINAMW,1.3031511683316619e-05,7.045812025232268e-06,0.9999761492945017,3.77338178965659e-06
ID_LINCBY,1.758316031630342e-05,3.0255315190774004e-06,0.999977474396882,1.9169112826428797e-06
ID_LIYLWT,2.748228760597309e-06,2.3324590492745435e-05,2.825287709062239e-06,0.9999711018930376
ID_LJQFWN,2.047719191637256e-06,4.730983446538712e-06,2.2977033044247783e-06,0.9999909235940574
ID_LKQWDV,0.00043911903304658063,6.228840261941144e-06,0.9995502292940316,4.422832659699671e-06
ID_LLPPYO,3.0691619719385786e-06,1.7774331565787826e-05,3.0095798684616196e-06,0.9999761469265938
ID_LLVAJH,2.3748872112205654e-05,2.1571165408520346e-06,0.9999725135140605,1.5804972863870992e-06
ID_LMPJDC,5.040651802888287e-06,2.374892323145183e-05,5.589524384026487e-06,0.9999656209005815
ID_LPMFGH,1.581675391301875e-06,0.9999954310515756,1.8853759837820246e-06,1.1018970493348795e-06
ID_LPZBKI,0.0019942785273392638,5.754568781235272e-05,0.9979334747058773,1.4701078971103059e-05
ID_LPZTPI,0.9986324742755829,2.9812901751133513e-05,0.001317208559242993,2.0504263423148138e-05
ID_LQGGAD,1.3946309093539737e-05,8.633738289887188e-06,0.9999715071591465,5.912793470039246e-06
ID_LRMWEM,2.06779877537908e-06,0.999993813311967,2.215982440788e-06,1.9029068170211846e-06
ID_LRVSVW,2.3044904695564957e-06,0.9999929786860009,2.510230425201731e-06,2.206593104350498e-06
ID_LRWCUV,9.412627775653812e-06,2.3684425833042327e-06,0.9999866960942573,1.522835383807298e-06
ID_LTOUMX,2.8475124677088504e-06,2.259984677306763e-05,3.1399524248260005e-06,0.9999714126883344
ID_LUJSLH,2.231539588838272e-06,0.9999931347824363,2.6398562603780855e-06,1.993821714523677e-06
ID_LUMPGJ,2.3755844569938717e-06,0.9999921363866159,3.024756054947757e-06,2.4632728722032994e-06
ID_LWLEZI,1.65897953777532e-06,0.999993616755525,2.827899737580447e-06,1.8963651997774103e-06
ID_LYDHSX,0.9993804005810667,5.331063980822648e-05,0.000531669653891404,3.4619125233789195e-05
ID_LYLGTW,8.167403112485051e-06,0.9999667226301328,1.0408235307585907e-05,1.4701731447032299e-05
ID_LYOJXP,0.0001639455368507569,5.425256091073233e-06,0.9998255599011049,5.069305953159235e-06
ID_LZAUTA,0.00010211350500428663,0.0008632016080897582,9.821276169014283e-05,0.9989364721252157
ID_MBFMSB,2.831359347763925e-06,0.9999914324207327,2.8279546821333298e-06,2.908265237568305e-06
ID_MBGIRZ,2.3321507257528258e-05,7.737749455885061e-06,0.9999646174374909,4.323305795805531e-06
ID_MCMKMO,1.0085420577963702e-05,0.999958336568614,1.1067834824849138e-05,2.0510175983212403e-05
ID_MCXYEF,0.9993876032434734,1.8323718148901973e-05,0.0005820201335095469,1.205290486814635e-05
ID_MDSGOA,1.1664017220946757e-05,6.616056234427327e-06,0.99997799996301,3.719963534679016e-06
ID_MDTLYS,1.0564428316396653e-06,0.9999931847070985,1.6360354641183783e-06,4.12281460572724e-06
ID_MFBQPQ,8.921366329299255e-06,0.999974783267091,9.254437995540151e-06,7.040928584197976e-06
ID_MFNEMR,0.9998918977200897,6.243069340534345e-06,9.782143774507592e-05,4.0377728247045885e-06
ID_MFXZBJ,1.2559203873979381e-05,7.33831376629631e-06,0.9999761760998891,3.926382470635321e-06
ID_MGCBZX,0.999628769893938,7.046897837752829e-06,0.0003594671226313499,4.716085592899317e-06
ID_MGUVTI,6.716851938145286e-06,0.9999800009624512,6.258132293433917e-06,7.024053317306384e-06
ID_MHBSUK,3.2897098130138926e-06,0.9999899357254415,3.5141691367271558e-06,3.260395608720032e-06
ID_MIZQYO,1.2536351297075226e-05,0.00011078272227555119,1.2118641331140363e-05,0.9998645622850962
ID_MJDAET,2.838454589992804e-06,0.9999918811955748,2.8067477190073626e-06,2.4736021162365936e-06
ID_MLTJOR,2.2574066213732992e-06,2.662448731122773e-06,0.9999935908803671,1.4892642805491184e-06
ID_MMGILS,2.5851920667568558e-06,1.0220632681419657e-05,2.8829053676620054e-06,0.9999843112698842
ID_MMPFYM,5.79198493318824e-06,0.999983021051146,6.1904301615236795e-06,4.996533759070926e-06
ID_MNFBKJ,1.5411168798761947e-05,0.00033787359092335656,1.740363710409761e-05,0.9996293116031738
ID_MNFODC,2.2453189337637005e-06,0.9999931564105234,2.605032039659765e-06,1.9932385032508444e-06
ID_MNKUZR,3.329237922359009e-06,0.9999897279387134,3.602039288555172e-06,3.34078407579546e-06
ID_MNOFUX,1.8424197995133065e-06,0.9999939884963029,2.0760949627506495e-06,2.092988934847212e-06
ID_MORRXV,1.5031408753985754e-06,0.9999955130940906,1.5948421412706385e-06,1.3889228926107652e-06
ID_MOYCIS,6.756519375602531e-05,1.3902252642089508e-05,0.9999159494661545,2.583087447555765e-06
ID_MPKKUQ,5.411964508267177e-06,3.662477772180949e-05,5.652964744843379e-06,0.9999523102930252
ID_MPRONQ,0.0002539924759445232,0.002914987200321617,0.0005232626840944117,0.9963077576396393
ID_MRASAT,0.0001110393119896175,4.512934252453594e-06,0.9998820348501354,2.412903622593167e-06
ID_MREXLF,1.0191287249139921e-05,0.9999676571297856,1.0996407549036239e-05,1.1155175416095878e-05
ID_MSKYZF,1.654358685905448e-05,4.968854974623018e-06,0.9999757148372644,2.7727209017565635e-06
ID_MSTDFL,1.189450320739297e-05,0.0002831707584425987,1.1190620322957109e-05,0.9996937441180271
ID_MSTKSW,1.525023120444736e-06,0.9999954356638444,1.679382372620635e-06,1.3599306625966339e-06
ID_MSXYUE,1.5851695334162557e-05,0.001266057757845121,1.8035059271959376e-05,0.9987000554875487
ID_MSZOIE,4.429258514142865e-06,1.787486018387713e-05,4.361762135114475e-06,0.9999733341191669
ID_MUGCIL,4.193255703277053e-06,1.5105202609129474e-05,4.685861710273485e-06,0.9999760156799773
ID_MUIUQL,3.3844717347716933e-06,3.465500942515937e-06,0.9999912166489405,1.933378382008073e-06
ID_MUJNJW,0.00017981150680282688,0.002600660098414517,0.00014368518303762139,0.997075843211745
ID_MUKHHA,1.836497569658883e-06,2.446241668299844e-06,0.999994453477431,1.2637833310155128e-06
ID_MUOGLX,0.8895667187888058,0.0014630847933848356,0.10851651683732791,0.00045367958048136937
ID_MXIYTV,2.7798103894489753e-06,4.025977633349373e-06,3.098931668506339e-06,0.9999900952803087
ID_MXMLNF,3.266731054767857e-06,4.5738160570525024e-05,3.3988359598991984e-06,0.9999475962724148
ID_MXOEXX,7.000487557228123e-06,9.220313662119188e-05,7.470585574743685e-06,0.9998933257902468
ID_MZJILQ,0.999912363827459,1.1424083438436e-05,6.860149721609054e-05,7.610591886485102e-06
ID_MZMTYP,1.7581487241365844e-06,0.9999939334682026,2.0154694712072545e-06,2.292913601994287e-06
ID_NAHDLQ,0.999717060821421,1.339458210766338e-05,0.0002603391316454385,9.205464825986479e-06
ID_NAQYIP,1.6497743338114333e-05,0.9999612486409024,1.249254457123083e-05,9.761071188110459e-06
ID_NBPVTP,3.5271385310838103e-06,0.9999896887344012,4.271666188047888e-06,2.5124608795004996e-06
ID_NCEMDY,5.323188319630167e-06,4.602712564295833e-05,6.021629843269618e-06,0.9999426280561942
ID_NDSJDA,9.406450632169383e-06,6.122737176168767e-06,0.9999810545314116,3.4162807799650882e-06
ID_NFLKEF,1.3881788412750265e-05,0.0009613578861946466,1.5850904206855304e-05,0.9990089094211857
ID_NFNPRL,2.4614225061421397e-06,0.9999915338019041,3.0264186993335693e-06,2.978356890507465e-06
ID_NGRGOW,2.0617842401892495e-06,0.9999936367133327,2.3579960471734087e-06,1.9435063799034446e-06
ID_NHJSDJ,7.928383579503881e-06,5.674077237663826e-06,0.9999827332178092,3.664321373580237e-06
ID_NHYWEN,0.00017318998427345698,0.00229618084573332,0.00015019606468334409,0.99738043310531
ID_NJLZUJ,2.517248641207539e-06,0.9999939874866309,2.081131121104511e-06,1.4141336067375572e-06
ID_NKRJRE,0.001636088500094687,1.4408204910136104e-05,0.9983400675473525,9.435747642653677e-06
ID_NLPICA,1.3810942716907263e-05,4.135656810067869e-06,0.9999797763862572,2.277014215740327e-06
ID_NMGGYU,2.1974401016041056e-05,0.9998230789133805,2.6301387084976415e-05,0.00012864529851853217
ID_NMOUMD,3.652644729018323e-06,1.4816363386214767e-05,4.067482846921418e-06,0.9999774635090377
ID_NMPTSC,1.2685104623553984e-05,0.00016838569990874986,1.2951325657195638e-05,0.9998059778698105
ID_NMZZMM,2.5925888623457296e-06,8.511049714065245e-06,2.867172193645473e-06,0.99998602918923
ID_NNKBRS,0.999627059986617,9.324179082780056e-06,0.0003575774494236348,6.0383848766265726e-06
ID_NRSIYE,1.0793438285289253e-05,9.552387771479502e-05,1.0453275491490463e-05,0.9998832294085084
ID_NSTSNW,3.501804412862341e-05,7.5818812776661075e-06,0.9999531648603601,4.235214233667436e-06
ID_NTGAWG,1.0570035808269207e-05,3.531173227680117e-06,0.9999836633671878,2.2354237763807016e-06
ID_NTHUOG,0.9997606822831407,3.267014536851744e-05,0.0001817894764831245,2.4858095007660547e-05
ID_NTRKRJ,0.9939673447012203,2.624413295035414e-05,0.005993233828507564,1.3177337321959273e-05
ID_NXBDAW,0.9937988610355257,1.3052564934897177e-05,0.006178811370409194,9.275029130257773e-06
ID_NXWSMB,0.0007038096368893855,0.004311613511166665,0.0038581845239184136,0.9911263923280255
ID_NZBHZD,0.00015010047969648803,0.0002589861604403334,0.00016793200686323145,0.9994229813529999
ID_NZMCVC,3.850814649565615e-06,0.9999922847617572,2.280534305988242e-06,1.5838892873504243e-06
ID_OCJFSP,0.9971216420796957,3.2821882745040906e-05,0.0028284157449163273,1.712029264288398e-05
ID_ODOOCR,2.2228039306112315e-06,0.999994682216812,1.825146606076948e-06,1.2698326513445506e-06
ID_OGBSZV,1.3917263643388053e-05,0.9999699144836687,1.0855871209791724e-05,5.312381478166004e-06
ID_OGGKXA,3.6231530727905946e-06,3.669273963226142e-05,3.906609548810111e-06,0.999955777497746
ID_OGWZDU,7.28736623108461e-06,0.9999853352318072,4.516504174468213e-06,2.8608977872381515e-06
ID_OHNZBJ,2.090718513220076e-06,0.9999935704188996,2.2468542493007932e-06,2.09200833785239e-06
ID_OIJPYH,2.374226046277077e-06,0.9999916360047097,3.3750219838989507e-06,2.6147472598749687e-06
ID_OJKWLR,4.0914940065506445e-05,8.908227721716718e-06,0.9999450562867467,5.120545466103912e-06
ID_OJQATT,3.0546573515035125e-06,3.035072853743552e-05,3.295340939950018e-06,0.9999632992731711
ID_OLFWUX,0.0001278913798119079,7.327063796247074e-06,0.9998609587104266,3.822845965200282e-06
ID_OLWSVJ,7.646959022164548e-06,0.00012162902042342419,8.311454541527612e-06,0.9998624125660128
ID_OMCGWZ,0.9997274205036943,4.176637753401236e-05,0.0002198715874005973,1.0941531371089618e-05
ID_OMVAKT,9.688664888840284e-06,2.464082313805971e-06,0.9999861608061174,1.686446680001972e-06
ID_ONFDRI,2.294387640509944e-06,7.832065920634396e-06,3.799668887828498e-06,0.9999860738775511
ID_OPIJCZ,2.1016095759103123e-06,2.736660085266019e-06,2.5351663421241708e-06,0.9999926265639968
ID_OPISVA,0.9991689994617508,1.5116573144973053e-05,0.0007993149696485401,1.656899545574102e-05
ID_ORCSSL,2.1777248814949247e-05,2.6529665646731694e-06,0.9999730812688531,2.4885157671719135e-06
ID_ORFPYF,2.918714406123134e-05,8.741810851520544e-06,0.9999566661524778,5.404892609368273e-06
ID_ORIXUZ,4.4412791821890715e-06,0.999985911914722,4.804020347446654e-06,4.8427857483210534e-06
ID_ORSALM,4.048634846018534e-05,9.808358660152115e-06,0.9999439656357366,5.7396571430188435e-06
ID_OSGSTN,6.8402183275628986e-06,1.4837791736300767e-06,0.9999908243299235,8.516725753002743e-07
ID_OSWRUL,0.9998475890879907,1.765059711700044e-05,0.00012295435850608795,1.180595638616302e-05
ID_OTAMKM,1.3800581512479772e-05,7.966728737512482e-05,1.4946391701860863e-05,0.9998915857394105
ID_OTIEVR,3.7150191333002116e-06,2.202009073017948e-06,0.9999926353291994,1.4476425942820065e-06
ID_OTMIGF,0.0001016379882499125,6.338382500681616e-06,0.9998886045195253,3.419109724256083e-06
ID_OTMNRG,2.1823252903825293e-06,0.9999923812865049,3.107120195952415e-06,2.3292680086958874e-06
ID_OTVREC,0.9994733635759762,2.080601473222362e-05,0.0004953181714350182,1.0512237856620004e-05
ID_OUKSSJ,3.68987768198449e-06,0.9999885253524982,3.918494810429683e-06,3.866275009655381e-06
ID_OVOOFO,3.8173671652763844e-05,1.2225826435237804e-05,0.9999430041925838,6.596309328088551e-06
ID_OVVPGU,2.334003010798818e-06,1.5487129932461552e-05,2.4336649918927213e-06,0.9999797452020649
ID_OWPRUX,2.8658540683110228e-05,8.085160453233736e-06,0.9999589260899938,4.330208869986564e-06
ID_OWQVGA,1.933020168553502e-06,0.9999960887565217,1.2830443478118977e-06,6.951789620627934e-07
ID_OZGWSO,0.00020438823640926967,1.819140903279201e-05,0.999766956300898,1.0464053659946966e-05
ID_PAIYWE,1.1130554019738721e-05,7.349263888486546e-06,0.9999775485257635,3.971656328363724e-06
ID_PANQZY,0.9771849832142836,5.0195493221616994e-05,0.02273194250540304,3.287878709159318e-05
ID_PAOKRA,0.9997420793697276,1.0647709588609667e-05,0.0002420948090996676,5.178111584152344e-06
ID_PBEPTC,2.641015256817112e-05,3.064836796031154e-06,0.999969173240911,1.3517697249339694e-06
ID_PBRNDT,2.4022606353288905e-06,0.9999919221874158,2.6761061903717783e-06,2.9994457585179397e-06
ID_PBXKUS,0.0007825971720095466,0.006313546991651363,0.0058399624803868,0.9870638933559522
ID_PBXXTP,2.5485348102892796e-06,3.0021382563224755e-06,0.999993277973234,1.171353699295482e-06
ID_PCHQSU,1.4428432514655336e-06,0.9999894790346708,2.2294608017400573e-06,6.848661276028236e-06
ID_PDCTGC,3.169351190084809e-06,1.971364350515771e-05,4.86270447985846e-06,0.9999722543008248
ID_PDCVQE,0.0005287650041546696,7.688566246822506e-06,0.9994591330186744,4.413410924182187e-06
ID_PDGUOD,3.248082525427189e-06,5.843623186521636e-06,3.5891506113049924e-06,0.9999873191436767
ID_PFCUWV,0.9993656082324235,1.5305117553129008e-05,0.0006085263399181979,1.0560310105040068e-05
ID_PGFAHM,1.7342502447802118e-06,0.9999949741956778,1.9023508962669036e-06,1.3892031810395935e-06
ID_PGOFPW,0.9943306629258329,4.712291703013705e-05,0.005598985052600206,2.3229104536651824e-05
ID_PGWIWQ,3.804824321437188e-06,0.9999901198483276,4.160163372025376e-06,1.9151639789156205e-06
ID_PHXPOD,0.000508487573000612,1.6045751527325122e-05,0.9994646823097287,1.0784365743234568e-05
ID_PIAMAG,0.9961630657353416,2.1004055730772652e-05,0.003801292966940702,1.4637241986797326e-05
ID_PICJTF,2.1115218836075804e-06,0.9999941358693869,2.42686352480491e-06,1.325745204791479e-06
ID_PIJZTT,2.6525421292382554e-06,9.53051692566135e-05,3.5092276570011427e-06,0.9998985330609571
ID_PKQRMJ,2.744978426447327e-06,3.088233369019273e-06,3.0806600948683188e-06,0.9999910861281096
ID_PKYMQI,0.9986316024286338,2.441224683454026e-05,0.0013265896687537973,1.7395655777644144e-05
ID_PLDVLB,1.7653036865183108e-06,0.9999946864593894,1.9389821716498087e-06,1.609254752426874e-06
ID_PLZYXW,0.913108449198547,0.00010133322269754141,0.08672490320138619,6.531437736915084e-05
ID_PNFCKW,6.664492218876644e-05,9.186071407621684e-06,0.9999197507721925,4.418234211084261e-06
ID_PPEGDJ,0.9999087775519597,4.0804418656196085e-06,8.450271797388175e-05,2.6392882005408435e-06
ID_PPKBLF,2.1940998638208972e-06,0.9999919182069935,3.3927732720795656e-06,2.4949198704259677e-06
ID_PPXPKV,1.9148854760463195e-06,3.963425666004053e-06,2.24766269445614e-06,0.9999918740261634
ID_PRKEKM,0.9997923528294081,1.423948884972303e-05,0.0001864801464170684,6.927535325040943e-06
ID_PRLKYI,0.00015936242457138214,1.669368428184494e-05,0.9998146236723126,9.320218834049501e-06
ID_PRMQOT,0.999754111403794,3.023618287371656e-05,0.00019631216721356241,1.934024611877972e-05
ID_PROOUK,2.3651348884167507e-06,0.999993842199822,2.210233955065204e-06,1.5824313344268822e-06
ID_PSQGYI,2.8287534619384722e-06,0.001651375260890675,4.547854576479339e-06,0.9983412481310711
ID_PSWPIE,2.0442827036322793e-06,0.9999923989850056,3.4484878386397375e-06,2.1082444521219083e-06
ID_PTBYNC,0.9999209299838834,8.482026269607257e-06,6.426612102454695e-05,6.321868822451274e-06
ID_PTTKUH,9.725333864836198e-06,4.6349792659300195e-06,0.9999827711157475,2.868571121778523e-06
ID_PUHXOV,2.5086679534085192e-06,0.9999918349138338,2.8710420465927604e-06,2.7853761663176863e-06
ID_PUMIOI,0.9959768124010822,0.00012980459250915133,0.0038559386518827164,3.744435452600352e-05
ID_PVDPOY,1.812920803887731e-06,0.9999948671569467,1.8100682199951374e-06,1.5098540294017373e-06
ID_PVFOBG,1.3139153945656169e-05,3.4538125392043824e-06,0.9999815955829157,1.811450599461588e-06
ID_PVGLHK,2.0270834157872025e-06,0.9999934191257961,2.3251731745421096e-06,2.2286176136180422e-06
ID_PVTQFI,1.4617396547680139e-06,0.999995083495219,1.6765479380658e-06,1.7782171882905002e-06
ID_PVVNGT,2.129707195226157e-06,0.9999926650244952,2.9467298140672087e-06,2.2585384953059932e-06
ID_PWBLRE,2.9586648326765007e-06,2.446125042731511e-06,0.9999929906812282,1.6045288963899677e-06
ID_PWDCFX,2.192172042742138e-05,6.2629470723391955e-06,0.9999684568638437,3.3584686565316164e-06
ID_PWNDLE,2.359099034553614e-06,0.999994268577621,2.140447464758053e-06,1.2318758798584417e-06
ID_PWPECK,0.0001841600132796767,6.505651349702088e-06,0.9998032417809012,6.092554469402027e-06
ID_PXNHNU,1.9371655029134393e-06,0.9999935779743162,2.767061120262588e-06,1.7177990605753756e-06
ID_PXYGZV,0.007933438759312924,1.2456921160091409e-05,0.9920468551520415,7.2491674856308435e-06
ID_PZGLVE,3.2472374404979334e-05,9.53202844950043e-07,0.9999658616228657,7.127998843339452e-07
ID_QAGXOK,2.4759509842640995e-06,0.9999926244004893,2.2584234118116826e-06,2.641225114534403e-06
ID_QAYMJX,1.528367806620852e-05,8.867205439548645e-06,0.9999708984334739,4.9506830203907995e-06
ID_QBKVPR,0.00014138807025823117,3.8730107553062754e-06,0.9998521231785036,2.615740482735928e-06
ID_QCDDTP,0.9994650382975919,2.022162741070847e-05,0.0004980142430884669,1.6725831908898045e-05
ID_QEBWST,1.7623546432596033e-06,0.9999937249108823,2.757071106498803e-06,1.7556633677909043e-06
ID_QETYTO,2.8825720463007295e-06,8.030413813135469e-06,3.1182454040966245e-06,0.9999859687687364
ID_QHHFWC,2.4853945465223867e-06,6.50873064673163e-06,3.2977861877386144e-06,0.999987708088619
ID_QJPPKT,3.2110639023959923e-06,0.9999917729331977,3.2758235599850316e-06,1.7401793398920314e-06
ID_QKFDBL,1.7151166772151135e-06,0.9999950733245412,1.9765489869028665e-06,1.2350097947847737e-06
ID_QKHPMH,2.165737296959816e-06,0.9999930312344127,2.310189675138673e-06,2.4928386150738207e-06
ID_QKNHCR,2.5602035135162585e-05,9.020404678545467e-06,0.9999603444832746,5.033076911671503e-06
ID_QLLZQZ,2.080017967504523e-06,3.5579740543083265e-06,2.2888800476150225e-06,0.9999920731279307
ID_QLOFSU,2.0941172894293495e-06,4.815169630365317e-06,2.2721550080996486e-06,0.9999908185580721
ID_QNGYRG,0.9998250211927556,6.16802349493962e-05,9.55870385297841e-05,1.771153376544183e-05
ID_QOCKYY,0.9871096838021706,7.108205349809397e-05,0.012769676661023447,4.955748330798984e-05
ID_QPQFUP,1.6671842007598078e-06,0.9999947940917027,2.022928561266844e-06,1.5157955353678706e-06
ID_QQBJRO,3.2321291865503966e-06,6.978349868628065e-06,3.4578865544772007e-06,0.9999863316343904
ID_QRGJTL,0.9992981372122792,1.7909101350928986e-05,0.0006750685096003385,8.885176769401826e-06
ID_QRHEXN,3.652145083166957e-06,0.9999914637636884,3.0551240009957855e-06,1.828967227411189e-06
ID_QRZZWA,0.9994767378481139,2.159250280253077e-05,0.0004851404360043682,1.652921307924708e-05
ID_QSESQA,0.999778074808793,4.5366958992325565e-05,0.00014301226357730368,3.354596863739387e-05
ID_QSGSHH,0.9998226229180447,1.1559408677506875e-05,0.00015836126135236638,7.456411925365548e-06
ID_QSVRON,0.9995727267600358,2.059956523288967e-05,0.0004005084355250467,6.165239206126712e-06
ID_QTBPXG,0.0002880604493161068,2.1287914851943412e-05,0.9996788051826732,1.1846453158641367e-05
ID_QTNNPA,5.62732562566197e-06,1.376666416426407e-06,0.9999921239136493,8.720943085871246e-07
ID_QTPUJG,1.1684664653220462e-05,0.9999643112590749,1.2559525981196285e-05,1.144455029056472e-05
ID_QTTMED,2.0680708546707884e-06,1.596571284927054e-06,2.4428496099159878e-06,0.9999938925082505
ID_QUMMZT,6.4022348509161156e-06,0.9999774048483062,6.66817909844998e-06,9.524737744273353e-06
ID_QURHKE,1.9483000861398614e-06,0.9999935374435079,2.7414225811771965e-06,1.7728338248593607e-06
ID_QVYSFM,0.00012395306869474826,0.0011292042559248425,0.00011993938788594379,0.9986269032874945
ID_QWHBRI,4.275396262143598e-05,1.3093300399657806e-05,0.9999388403611313,5.312375847478652e-06
ID_QWQZCT,5.7575307696159484e-06,0.9999830741949849,6.170789061028445e-06,4.997485184378493e-06
ID_QWVCLM,2.0960490815991703e-06,3.2036109928181934e-06,2.233540368780243e-06,0.9999924667995568
ID_QXKVOW,1.4494002533104772e-05,6.249660986532892e-06,0.9999759121828652,3.3441536151279855e-06
ID_QXLQMR,2.1540333841611455e-06,0.9999931073817895,2.413446246609757e-06,2.325138579762011e-06
ID_QXSOBJ,5.988382131570567e-06,0.9999815993791817,6.595390555198631e-06,5.81684813151488e-06
ID_QYBWII,1.2797621125003433e-05,0.00017344531290753006,1.0917166072978861e-05,0.9998028398998945
ID_QZAJWB,2.4022801068207367e-06,0.9999927133763273,2.7752825455611623e-06,2.109061020274378e-06
ID_QZDQPX,0.9995748026988217,2.5216841029333436e-05,0.00039320640037670033,6.77405977241462e-06
ID_QZGPGU,2.2972392519303217e-06,0.9999345061946021,2.5740965317551403e-06,6.0622469614254774e-05
ID_QZIMFY,1.2038277116431645e-06,1.194505957404134e-06,1.3602320046096278e-06,0.9999962414343264
ID_RAWHIQ,1.1739612447101276e-05,0.0005240298133163742,1.1635580773321555e-05,0.9994525949934632
ID_RBPJIE,0.9999174217557306,2.326897339290703e-05,4.377684024213599e-05,1.5532430634452786e-05
ID_RBRTQO,1.956617581109803e-06,0.9999934461636454,2.781010110736974e-06,1.8162086627712967e-06
ID_RBVWUL,0.9901107525771162,0.00011117518719257755,0.009714028514097188,6.40437215939455e-05
ID_RCJRPR,2.1983271838029388e-06,4.822421687162561e-06,2.2459077902692058e-06,0.9999907333433389
ID_RCRXQD,1.6044295206539552e-06,0.9999950169529547,1.7513883244554025e-06,1.6272292000478234e-06
ID_RCUVRF,1.1765986632368802e-06,0.9999956579208135,1.9706750060458044e-06,1.1948055169808354e-06
ID_RCYKMF,5.435125166287056e-06,0.9999832663993421,6.019366746617575e-06,5.279108745104646e-06
ID_RDHURE,0.5193733340690988,0.001833220514530976,0.47822299113687006,0.0005704542795000952
ID_REMOGV,2.121882340435856e-06,1.0411565636390718e-05,2.6427444736675454e-06,0.9999848238075496
ID_REULJL,2.097840708206106e-06,0.9999945017620863,2.0888341528845718e-06,1.311563052799356e-06
ID_REYPNJ,3.0330236330162867e-05,0.0007229326281861583,2.7420278634295854e-05,0.9992193168568495
ID_RFKKZX,3.123628844487312e-05,7.827597783454581e-06,0.9999566267047014,4.309409070199197e-06
ID_RGCNWA,0.9999054664438609,6.44530597137262e-06,8.393107268849579e-05,4.1571774793139146e-06
ID_RGJGFW,2.4372077365500164e-06,3.933750940003134e-06,2.72613392315067e-06,0.9999909029074003
ID_RGTTHZ,0.9999477410657635,8.625591175979199e-06,3.8130795366086885e-05,5.5025476944568665e-06
ID_RGWSWF,3.711457488382933e-06,6.871222594265711e-05,4.018356277036639e-06,0.999923557960292
ID_RHIKBI,5.1225134654217184e-05,8.630059418801107e-06,0.9999353255148854,4.8192910415620705e-06
ID_RIAKBG,0.00014865875462172941,1.4935484871781094e-05,0.9998287623761278,7.643384378785043e-06
ID_RIKUDS,2.463524317194947e-06,0.9999929454199493,2.8315981841865098e-06,1.7594575491827803e-06
ID_RJKRIP,1.1842858674745255e-05,0.0002962782956358435,1.2672211569641353e-05,0.9996792066341198
ID_RKOHFR,7.11258458969824e-07,3.417376017231519e-06,7.184438535645555e-07,0.9999951529216702
ID_RKQIFO,0.00019427546569885594,6.866980577271457e-06,0.999794453696755,4.403856968833799e-06
ID_RLMZSH,2.0506761572638566e-06,0.9999932076724143,2.5285732419806554e-06,2.2130781864681614e-06
ID_RMLFIJ,6.709393876480201e-06,0.999911181731427,5.975437148135198e-06,7.613343754856032e-05
ID_RMTSMJ,0.00021961861489845004,1.5402636148570096e-05,0.9997563718253873,8.606923565622797e-06
ID_RMWWZJ,3.1290177614945397e-06,0.9999917240833612,2.9026441770695694e-06,2.244254700026237e-06
ID_RNXHHA,2.732374789134671e-06,4.608417399547639e-06,2.942465701517636e-06,0.9999897167421099
ID_ROCPLC,6.613078763206034e-06,0.00010130867863304123,7.4048627412818285e-06,0.9998846733798624
ID_ROIPLG,1.7995060534899837e-06,2.0643735509095864e-06,0.9999947235634562,1.4125569395691161e-06
ID_RPPEEI,0.00032384261336178174,0.0225582387828512,0.0003738725396908231,0.9767440460640963
ID_RRAGGS,1.1781041812172522e-05,0.0003251726404942895,1.1354619642681348e-05,0.9996516916980509
ID_RRBFNL,0.001145574697293912,2.6540136916554354e-05,0.9988116782197366,1.6206946053059816e-05
ID_RRGPYK,8.248669236194026e-05,0.0022366047682961503,8.910831925949243e-05,0.9975918002200825
ID_RRNXWU,7.619158612127959e-05,0.9994359290242608,4.874029291632677e-05,0.000439139096701604
ID_RRPSJN,2.1200521869101422e-06,5.07172973332488e-05,2.8189379508912837e-06,0.9999443437125289
ID_RSCGZV,7.905840447204737e-06,0.9999751889982489,9.63035548259345e-06,7.2748058215407925e-06
ID_RSOEDW,1.2165977354996383e-06,0.9999955758723318,2.0657395714204837e-06,1.1417903613954275e-06
ID_RSUGXE,6.850462995770949e-06,4.739082823822632e-06,0.9999857641224507,2.6463317298498436e-06
ID_RTTNZC,1.8232268328543298e-06,0.9999938117508453,2.5938572686296117e-06,1.7711650532365122e-06
ID_RUCXQY,3.763817378645136e-05,5.089207325562987e-06,0.999955041381012,2.2312378759274593e-06
ID_RUQJUY,2.2464610984718924e-06,1.778191487089974e-05,2.0647908429678755e-06,0.9999779068331877
ID_RUTEEA,8.564832758951018e-05,1.624813942674063e-05,0.9998899101792071,8.193353776596562e-06
ID_RUVILG,2.1264673825870974e-05,4.763690269841483e-06,0.9999713132179278,2.658417976446497e-06
ID_RVUZXG,0.9932812757362992,0.0001724676579229649,0.006435506595492268,0.00011075001028562177
ID_RWIORE,0.00010403378544889973,3.725333052893382e-06,0.9998897160532441,2.5248282541126153e-06
ID_RWROAQ,1.8930152467729395e-06,0.9999936531257947,2.8306039973479955e-06,1.6232549611248232e-06
ID_RWUAEX,9.967335847604694e-06,0.0004612744814085434,1.1109231044295014e-05,0.9995176489516995
ID_RWYITO,0.9998514742404474,1.4063166963814975e-05,0.00012793963175390357,6.522960834955628e-06
ID_RXLXBE,3.6890927841159004e-06,2.331399684916793e-05,3.962783581327897e-06,0.9999690341267853
ID_RYQIAU,5.0241383512902365e-06,1.99009878751913e-05,5.5962669061649505e-06,0.9999694786068674
ID_RYQIJC,1.3816359752793844e-05,6.93181532216296e-06,0.999975540788012,3.7110369130352955e-06
ID_SAUEVY,0.0006083254873442745,4.984742896449495e-05,0.9993128232201139,2.9003863577219534e-05
ID_SBEIYW,2.1106880830297597e-06,3.633073085683695e-06,2.298624781684109e-06,0.9999919576140497
ID_SCGIJI,2.3899291533704173e-05,6.146135464823146e-06,0.9999665251868276,3.4293861736947503e-06
ID_SCHCGB,2.1435850901839184e-06,0.9999942461459144,2.286727020233461e-06,1.3235419750346922e-06
ID_SDLDMV,3.184432458685592e-06,9.524814758035311e-06,3.3739057874417395e-06,0.999983916846996
ID_SDQRVB,0.00010406390744736722,1.9418701196495408e-05,0.9998708099811365,5.707410219693951e-06
ID_SEZDZP,4.845020785631426e-06,1.0886729841074268e-05,4.05022846693706e-06,0.9999802180209064
ID_SFBLCM,5.3896885271795086e-05,7.140802504958531e-06,0.9999349797115101,3.982600713172151e-06
ID_SFUMKA,1.6321047136163067e-05,2.5521655722576835e-06,0.9999793794653729,1.7473219186354982e-06
ID_SFVMMH,0.00015486876930203487,2.2393368547237915e-05,0.999808007964073,1.4729898077903887e-05
ID_SGNHCD,2.821540815759282e-05,9.571660394433415e-06,0.9999569536166261,5.259314821942058e-06
ID_SHDIID,1.4919229998307322e-06,0.9999953121823659,1.7266820937393883e-06,1.4692125403800427e-06
ID_SHDKUX,2.508814164311107e-06,0.9999820874741004,4.245941887913086e-06,1.115776984751521e-05
ID_SHQXHO,2.0205039056387397e-05,6.5406643894384075e-06,0.9999695994111623,3.654885391916414e-06
ID_SICHIC,2.5769573161462976e-06,0.9999929317128685,2.4466104113060844e-06,2.0447194039162676e-06
ID_SIFZMG,0.9964702442269376,8.721186130625008e-05,0.003419210615696585,2.3333296059455585e-05
ID_SJMQBD,0.00015704092240281724,0.007680221797413504,0.0001934627389825352,0.9919692745412011
ID_SLMINA,1.668711878085885e-06,0.9999948510893777,2.185596240232073e-06,1.2946025039787357e-06
ID_SLMYSY,0.00016543526685722443,0.0020065906275114143,0.0006746672156054158,0.9971533068900259
ID_SLSSUE,0.9430768619881884,0.0003289302913177379,0.056493896648375126,0.00010031107211874366
ID_SMBIHP,2.2594848950550216e-06,0.9999938542577186,2.4033386885603547e-06,1.4829186977180817e-06
ID_SNITZY,2.1237905003739716e-06,0.9999929355587786,2.7067197167688567e-06,2.2339310041191434e-06
ID_SNMASC,1.6222513789975773e-06,0.9999947611408737,1.6996722653590402e-06,1.916935481965275e-06
ID_SOEIUE,0.0011805102783123045,3.061039460092632e-05,0.9987795090029736,9.370324112999853e-06
ID_SPALGS,2.046136730311486e-06,8.153147265995366e-06,2.4869509586362927e-06,0.999987313765045
ID_SPXUQR,0.9997512311389629,6.304397582788255e-06,0.00023817764484293754,4.286818611346257e-06
ID_SRRBVW,0.9997057766855836,1.1859254077078967e-05,0.00027663914771124836,5.724912628122422e-06
ID_STAGDU,3.549344336153987e-06,0.9999893797726223,3.275268079057772e-06,3.795614962382729e-06
ID_STTQTU,5.7259502052537024e-05,1.3712012087289928e-05,0.9999213768960683,7.651589791840353e-06
ID_SUBIBF,3.281647506392727e-06,0.9999911817956163,3.6253383363477777e-06,1.9112185411192163e-06
ID_SUBJSJ,0.000219104743516123,4.029196982496313e-05,0.9997184049907841,2.2198295874735902e-05
ID_SUTSJH,5.185791219607099e-06,0.9999793885257705,1.2815020686925926e-05,2.6106623226818884e-06
ID_SVISXU,2.9186340577056382e-05,1.2917745962306508e-05,0.9999490504459004,8.845467560015908e-06
ID_SXADNZ,0.00024446130464934624,2.5739121479886987e-05,0.9997225411390653,7.2584348055696786e-06
ID_SXADYW,0.0001016686798581892,1.430730305084035e-05,0.9998813633197932,2.660697297686006e-06
ID_SXCZVK,6.491339729245478e-06,4.676404684392502e-05,7.245049190994022e-06,0.9999394995642358
ID_SXNPKC,2.757863922441998e-06,0.9999925213661216,3.545046040037322e-06,1.1757239157906767e-06
ID_SZMORK,2.3731061482142935e-06,0.9999931672403946,2.7505762872339607e-06,1.7090771698382195e-06
ID_SZOAOB,0.9448755870829378,0.00010281229121592178,0.05495106524046543,7.053538538062703e-05
ID_TAXEGB,2.283542691318038e-05,7.265651538684584e-06,0.9999663288771851,3.570044363169462e-06
ID_TAXRNS,0.9997384341115478,1.254758186422036e-05,0.00024088483026762144,8.133476320261421e-06
ID_TBIUHC,9.10853386439173e-06,0.9999699121204609,1.167457154820951e-05,9.304774126600453e-06
ID_TBMOOG,2.1491385270163583e-06,2.3495559403630677e-06,2.582298249053761e-06,0.9999929190072836
ID_TDWDXA,1.996997424392395e-06,0.9999920537192524,3.716330413927639e-06,2.232952909448185e-06
ID_TEJVIO,0.0007721131612791072,1.2058215974744042e-05,0.9992109528351525,4.875787593873558e-06
ID_TFMMKM,3.057570600675177e-06,6.453669064745562e-06,3.0597181970501244e-06,0.9999874290421376
ID_TFOYNB,1.5650035808289796e-05,1.0194423794070733e-05,0.9999684654851073,5.690055290343853e-06
ID_THGEGJ,0.9992892901283799,2.046169073238548e-05,0.0006768417063201096,1.3406474567574806e-05
ID_THXTJN,1.9125567895806385e-06,2.467421170827422e-06,2.0695609537116938e-06,0.9999935504610858
ID_TIKKOC,0.9997117369844473,9.63446908033826e-06,0.00027240945426127306,6.219092211165312e-06
ID_TIVDWG,3.5756860410871364e-06,0.0002146140588636428,4.156361655228909e-06,0.9997776538934401
ID_TJNQXM,7.3275875405831086e-06,4.70116826909626e-06,0.9999852709629592,2.7002812310415224e-06
ID_TKNLZJ,0.002440716121742817,6.0652973364039185e-05,0.9974641266889891,3.4504215904165376e-05
ID_TMGNTU,1.7890235867965885e-05,0.0001549446473310531,1.4110909587609727e-05,0.9998130542072133
ID_TMLHZP,0.9998850310587454,1.1026697086794578e-05,9.680812490109335e-05,7.134119266656144e-06
ID_TMSZTO,0.9942047567720037,6.313166511429124e-05,0.005702682370714743,2.9429192167292545e-05
ID_TNDXKP,4.358108795272916e-05,6.0572335808547745e-06,0.9999473471865361,3.014491930459827e-06
ID_TNTYMU,0.009064405858376163,0.00023162956347781369,0.9906450998040637,5.886477408220909e-05
ID_TQWIDM,2.1028916000135257e-06,0.9999934452004942,2.768376135355813e-06,1.6835317706067484e-06
ID_TRMAWK,0.9813657297193092,0.00015220070873980785,0.018397389938045967,8.467963390494085e-05
ID_TRZMLZ,0.00016829557195202223,2.571331917294111e-05,0.999791834426193,1.4156682681868267e-05
ID_TSSLAD,0.9961465291349006,2.3965731988118134e-05,0.0038140077816487,1.549735146245177e-05
ID_TTFIOX,1.4478271008060012e-06,0.9999954866489545,1.6754097705356869e-06,1.390114174105345e-06
ID_TTRXDO,0.9994125721255889,4.739741351266285e-05,0.0005150480840230733,2.4982376875331577e-05
ID_TTRXNQ,1.5677140017730318e-06,0.9999954724401117,1.8681508029202969e-06,1.0916950836853286e-06
ID_TUTHLI,9.333799815882432e-06,5.997163098391856e-05,9.145674311575149e-06,0.9999215488948886
ID_TVDXTF,2.2028193153981916e-06,4.099182308182924e-06,2.402001720931471e-06,0.9999912959966555
ID_TVVOGT,0.9990170418564849,2.509296095488278e-05,0.0009504319670809968,7.433215479046226e-06
ID_TWFOOH,0.9999132213043426,8.14940331682033e-06,7.255916558710887e-05,6.070126753389863e-06
ID_TWHCGX,0.9996497573116891,1.8985984781413786e-05,0.0003181889026623518,1.3067800867272527e-05
ID_TWVGUH,2.3652599785209497e-06,3.0325788101836075e-06,2.24363481808511e-06,0.9999923585263931
ID_TXPIAA,6.994616308958616e-05,0.9979550935794309,9.513339134189364e-05,0.0018798268661376252
ID_TZTWZL,0.9998539643517955,1.5745005019557052e-05,0.00011892343672496145,1.1367206459906215e-05
ID_TZWFLT,1.0632609568964354e-06,0.9999962815775765,1.6435725192820598e-06,1.0115889473788116e-06
ID_UABYGB,6.586709224060793e-05,1.2197968445562823e-05,0.9999151232499659,6.8116893478746275e-06
ID_UARLKT,7.665344240654193e-06,8.226538351012628e-05,8.719260244014402e-06,0.9999013500120052
ID_UAVUGI,3.888627826626006e-06,4.7524177627453335e-05,4.150199900865171e-06,0.999944436994645
ID_UAZQTA,0.00030204687141930655,1.2999366242057772e-05,0.9996779434406465,7.010321692312246e-06
ID_UBEWPC,7.588748923078198e-05,8.27392725980023e-06,0.9999102221377187,5.616445790629455e-06
ID_UBLPMY,3.010658357195041e-06,0.9999926349471746,2.8853351686803117e-06,1.4690592993413504e-06
ID_UBTHLE,8.276275263848004e-06,0.00017012624066342006,9.267993752985128e-06,0.9998123294903198
ID_UBVZZX,0.9996847818083875,4.922055286815119e-05,0.00025308509842505414,1.2912540319378174e-05
ID_UDICHC,2.4567515166607812e-06,7.88230666328641e-06,2.971545061114876e-06,0.9999866893967588
ID_UFBZOV,1.662656882741309e-06,0.999995476025512,1.9174683359015093e-06,9.438492694583446e-07
ID_UFGHMX,1.7189385070822845e-05,0.0011561229551173284,1.6934985487665147e-05,0.9988097526743241
ID_UGFAUT,1.2519098538369569e-05,0.0001689517669387809,1.3953960077056674e-05,0.9998045751744458
ID_UGKPXK,2.813664692859849e-06,8.68830816721737e-06,3.1501903482574934e-06,0.9999853478367916
ID_UHCXKF,1.2001255953713422e-05,0.9999612560609288,1.3005841058429492e-05,1.373684205905189e-05
ID_UHJIFJ,0.9996412907597597,1.6335986523902796e-05,0.0003305930926910342,1.1780161025176146e-05
ID_UIFJLE,6.349611153638109e-05,3.8569059575563895e-06,0.9999305903697239,2.0566127821024926e-06
ID_UIJZCT,0.7621031314159691,0.000528807082977351,0.23720954902644253,0.00015851247461117054
ID_UJNKSW,4.402468869289294e-06,1.3875591299786663e-05,4.717248791161862e-06,0.9999770046910397
ID_UJTQRO,1.7632318095254808e-06,0.9999948721421289,2.009745212833259e-06,1.354880848676611e-06
ID_UJWTRH,4.349725110692121e-06,4.139193762279576e-05,4.918554335545941e-06,0.9999493397829309
ID_ULYCLD,1.7738321198348893e-06,4.5359176093681755e-06,2.430767041430797e-06,0.9999912594832294
ID_ULZRVC,1.8335288171175385e-05,0.0025315914213272068,2.0623402644880727e-05,0.9974294498878569
ID_UMYAFU,2.317361878321874e-06,2.422066383631879e-06,2.201758237506344e-06,0.9999930588135005
ID_UMZXKJ,8.53025904103643e-05,7.66641244567873e-06,0.9999017670977842,5.263899359543359e-06
ID_UOIPKJ,4.098156264207116e-06,1.2926856336399195e-05,5.121979859180966e-06,0.99997785300754
ID_UOOAPA,0.9990064494131329,7.057838449423208e-05,0.0009013563988080369,2.161580356474396e-05
ID_UOSZZU,3.646846421227232e-06,1.8297719720366566e-06,0.9999933449087224,1.178472884259889e-06
ID_UPIUVM,2.2869861404878008e-06,0.9999927907383869,2.5668183708360576e-06,2.355457101659414e-06
ID_URHMNJ,0.9985568368144473,3.418883406772946e-05,0.0013865321895619362,2.24421619231374e-05
ID_URMZQG,2.8545090112453072e-06,0.9999896238746396,3.060762393713086e-06,4.460853955422348e-06
ID_URPUJI,0.0002983366311431252,0.0018390935661937748,0.0016537345553965135,0.9962088352472666
ID_UTASYL,0.9996013110710505,1.6156711255302975e-05,0.00037217875797159236,1.0353459722479583e-05
ID_UUMDMC,1.3317560420009871e-06,0.9999952702169106,2.0563544241853505e-06,1.3416726234456805e-06
ID_UVEWHH,7.971534924725012e-05,7.193799394278245e-06,0.9999086784552098,4.412396148779307e-06
ID_UVZRRF,0.99944792583594,2.8064320615697065e-05,0.0005037327200248169,2.0277123419586565e-05
ID_UWBLYI,1.7371370428359713e-06,0.9999940103425029,1.991730518513083e-06,2.260789935839248e-06
ID_UWFKLU,3.07355678910938e-05,0.00024062019062303551,3.7116342082652036e-05,0.9996915278994032
ID_UXNIQI,0.0009339527684241136,3.183301326033382e-05,0.9990123994851686,2.1814733146947924e-05
ID_UYOVRS,2.123771918422036e-06,0.9999930541425616,2.5725911715801278e-06,2.249494348635532e-06
ID_UYRVKP,3.38113008176464e-06,2.598972345134584e-05,3.466139903713345e-06,0.9999671630065633
ID_UZCADS,4.043350367264665e-05,9.944634164733518e-06,0.9999440643165807,5.557545581855997e-06
ID_UZDQMH,0.9998061048561148,3.507375953873211e-05,0.0001294980136079511,2.9323370738577116e-05
ID_VAESYJ,1.948036898803509e-06,2.27348920184973e-06,2.0843170931750023e-06,0.9999936941568061
ID_VAYSCY,0.0003914082167787597,0.009105381271436733,0.0005941453833577996,0.9899090651284267
ID_VBVWJD,0.999364481921374,6.623807187678797e-05,0.0005489542931493337,2.0325713599855567e-05
ID_VCUOUA,0.9967297851707404,5.154958391378882e-05,0.003185408999962141,3.325624538367904e-05
ID_VEGQTZ,0.9982367029725565,6.067613423610164e-05,0.0016678456803338295,3.4775212873425875e-05
ID_VEULTD,4.543862462394486e-05,2.8870815006249283e-06,0.9999497075168464,1.966777029028739e-06
ID_VFAACQ,1.2099359247020563e-05,4.899232388914833e-06,0.9999802649904735,2.7364178904926323e-06
ID_VFJROL,0.9990306095834728,1.7528486595485018e-05,0.0009434326938225336,8.429236109298163e-06
ID_VFYRUF,3.422793192471818e-06,0.9999897758334653,4.309515017799794e-06,2.4918583245079824e-06
ID_VHSOVP,1.1860161784761354e-05,0.0003346999631881235,1.1366380463015897e-05,0.9996420734945641
ID_VHVEKC,0.9915063076059057,3.800199845041137e-05,0.008430618890794056,2.507150484988118e-05
ID_VIFMCA,0.9995626901405804,1.3004068909201602e-05,0.00041588184420176253,8.423946308546754e-06
ID_VIFPQA,1.408167765641227e-06,0.9999952138354604,2.1821302675157258e-06,1.195866506372225e-06
ID_VIJQDQ,1.3621122006875064e-06,0.9999961934571148,1.5785774615496171e-06,8.658532231342705e-07
ID_VIVXIR,3.163356606165264e-05,1.0133257675404942e-05,0.999952767738595,5.465437668105472e-06
ID_VLJTAB,0.9988869927920356,4.042332539737359e-05,0.0010533446782861758,1.9239204280785525e-05
ID_VLTTHY,1.8178655023867612e-06,0.9999934641997095,3.1208702845937958e-06,1.5970645035525596e-06
ID_VMCDLK,1.55306254721489e-06,0.9999946803646405,2.2141056135851325e-06,1.552467198741407e-06
ID_VMJTGH,8.321606256402572e-05,3.8809121162045946e-05,0.9998562256446529,2.174917162110079e-05
ID_VMZNWI,1.4060795115621996e-06,0.999995212304158,2.1249730258002122e-06,1.2566433046254162e-06
ID_VOHMHD,0.997540143383833,5.930406904105122e-05,0.0023637815579474427,3.677098917876358e-05
ID_VOMBSI,1.1060646117957244e-05,0.00014689357658468534,1.1850264877076773e-05,0.9998301955124203
ID_VPNYMF,2.6335219263513217e-05,4.847641003979304e-06,0.9999661490257051,2.6681140271810928e-06
ID_VQAROW,0.9965245624678399,3.140003501577278e-05,0.003422893400389307,2.1144096754962223e-05
ID_VRFSBR,1.8291218958471747e-06,0.9999942624701164,2.3292815522449724e-06,1.5791264354964533e-06
ID_VRIWON,2.1843453540835966e-06,0.9999930630518731,2.4595810895772763e-06,2.293021683321297e-06
ID_VRTYHC,2.0584845623826043e-06,5.112185652253957e-06,2.3064142124948607e-06,0.9999905229155728
ID_VSEPYP,1.222786424967152e-05,0.00013563900257207957,1.3618717666439164e-05,0.9998385144155117
ID_VUFSVO,1.3003277764343372e-05,0.0002837907877102385,1.4515194842504682e-05,0.9996886907396828
ID_VVEYSN,4.152999553339572e-05,8.715627595018164e-06,0.9999448853225201,4.869054351521493e-06
ID_VWQBGB,9.552206753537822e-05,2.1072720230526024e-05,0.9998716309172877,1.177429494644023e-05
ID_VWSOLR,0.0003075287240757768,7.222174696061168e-06,0.9996785156491204,6.733452107878842e-06
ID_WACWNE,3.3404492186114712e-06,1.5699778609832556e-05,4.180789895324431e-06,0.9999767789822762
ID_WAZIVO,2.3836856533711305e-06,0.9999917245924513,3.3859085717146242e-06,2.5058133234834097e-06
ID_WBMCVM,0.00020509533109500534,2.462056658246431e-05,0.999765701816797,4.582285525351629e-06
ID_WBMMPZ,0.9993017370571851,1.1387575091970157e-05,0.0006808922666609967,5.98310106193019e-06
ID_WCKSIF,5.702183273024147e-06,4.074514948796083e-06,0.9999879501319157,2.273169862409089e-06
ID_WCZJPK,2.6857584165966065e-06,2.0738286306469903e-05,2.469782914218528e-06,0.9999741061723626
ID_WECZXK,0.0001481749877900239,0.0030768803990147624,0.00016695261919206407,0.9966079919940032
ID_WEKMZT,0.612506368779889,0.00016822504964907382,0.3872339200545899,9.148611587203111e-05
ID_WERGBL,2.306296997578834e-06,1.8374616345423587e-06,0.9999946711101123,1.1851312555135839e-06
ID_WFEQIT,2.996955853489691e-06,0.9999904463246859,3.357976182083958e-06,3.198743278474608e-06
ID_WFFAQL,0.999890758234682,9.836536244515535e-06,9.30345746311364e-05,6.370654442297167e-06
ID_WFREVI,2.0800476768195473e-06,2.507399220241545e-06,2.264888931464194e-06,0.9999931476641714
ID_WGEOSC,2.8829929202164045e-06,4.907719570201123e-06,3.137169790975641e-06,0.9999890721177186
ID_WHIUUU,0.9998463061731949,7.057323243157598e-06,0.00014175872341790915,4.877780144024987e-06
ID_WHNZHM,2.3658153162865897e-06,0.9999923383953746,2.733647082290367e-06,2.562142226752773e-06
ID_WIGQLP,1.5655995013739238e-06,0.9999952660357296,1.7987211487949056e-06,1.3696436201435747e-06
ID_WITXOA,2.2439648778444855e-06,0.9999946174016271,1.94450269905172e-06,1.1941307960700694e-06
ID_WIUMTC,0.9999481635761901,6.183544901936989e-06,4.2339044923247375e-05,3.3138339846183806e-06
ID_WJYUAL,2.683130265529712e-06,0.9999912806040803,3.0112349392115828e-06,3.025030715050271e-06
ID_WKPTIB,0.00016791585055911975,9.376003187506958e-06,0.9998174722157669,5.235930486647873e-06
ID_WKYNLU,8.236268333121862e-05,4.473761479912588e-06,0.9999100960226415,3.0675325473345592e-06
ID_WLADEH,0.00010532174785066042,3.2893014051813725e-06,0.9998891566373435,2.2323134006415408e-06
ID_WLAYJI,7.615714972906002e-06,0.00011097360028595291,8.366871851894407e-06,0.9998730438128892
ID_WLNQUD,4.8645271723579156e-05,1.3841921491236986e-05,0.9999349366471737,2.576159611475706e-06
ID_WLOGEG,0.9998680505823854,7.746616524708784e-06,0.00011920352384344065,4.999277246400435e-06
ID_WLRZRX,1.8539985672940817e-06,0.9999941334672232,2.5251781350469828e-06,1.4873560744045718e-06
ID_WMWSQL,1.1408980238891273e-05,0.000650724949488238,1.0730122078870952e-05,0.999327135948194
ID_WNGDEB,0.9995388142245426,2.6866925344395143e-05,0.0004172254691240125,1.709338098869109e-05
ID_WNJPFT,0.9995315163726908,2.417575522516095e-05,0.0004322960284849737,1.2011843599123258e-05
ID_WNMRRC,0.00017351974382427387,1.9220152544731843e-05,0.9997966724956988,1.0587607932175336e-05
ID_WOZQOQ,0.9993873917103828,2.1868649840543804e-05,0.0005750159601839595,1.5723679592604486e-05
ID_WPGKPU,2.563627412950591e-06,0.9999920406525398,2.8568583515787725e-06,2.5388616956904212e-06
ID_WSIIFG,0.0008246639654816225,0.12845516257039302,0.0012032749665993147,0.8695168984975259
ID_WSMTLV,2.0159692325713593e-06,0.9999935003383879,2.263804380158466e-06,2.2198879994813886e-06
ID_WSWMZK,0.0006069719186708915,0.007631304288131574,0.0007734948288811832,0.9909882289643165
ID_WTJDCG,1.7194087300095542e-06,0.9999942699988471,2.4464865294334475e-06,1.564105893398112e-06
ID_WTODMY,2.0587925919466745e-06,0.9999931796795988,2.8244867699021045e-06,1.9370410395055704e-06
ID_WTYLTM,4.071925641746981e-05,7.736877232405279e-06,0.9999472206842194,4.323182130832704e-06
ID_WUGFVI,3.007843112265651e-06,0.9999926433048407,2.768949744747837e-06,1.579902302394031e-06
ID_WUSJAO,6.106652092724242e-06,0.001234985047385975,7.045677302977749e-06,0.9987518626232184
ID_WWPMSP,1.701102380174064e-06,0.9999933852891402,3.31527547908634e-06,1.598333000379496e-06
ID_WWVJZB,1.1966078859432541e-05,0.0005396375811093943,1.151817297443654e-05,0.9994368781670568
ID_WXZKFS,0.9999657529996536,3.846584945784231e-06,2.7580738521313667e-05,2.81967687933266e-06
ID_WYUYMY,1.957596566479096e-06,0.9999940882123287,2.438922120893969e-06,1.515268983916851e-06
ID_WYXUVZ,0.999190595053427,1.618224295680983e-05,0.0007850257058395606,8.196997776607165e-06
ID_WZCZVF,7.034270435713327e-06,0.0003362600281298988,5.676981795397858e-06,0.9996510287196391
ID_XAJLRM,2.929461947009751e-06,0.9999916370241905,3.7264357135734535e-06,1.707078148927156e-06
ID_XAYTFP,0.10236996382920026,0.00013686683832107543,0.8974137905412025,7.937879127618203e-05
ID_XAZALC,6.728773734070174e-06,3.6905663408524716e-05,8.260840089800565e-06,0.9999481047227676
ID_XBBAGH,1.6007631305782557e-05,4.8369143128410025e-06,0.9999764555187398,2.6999356416605576e-06
ID_XBLBFN,2.2556895035583883e-06,0.00021472614713681845,2.388809586198392e-06,0.9997806293537734
ID_XBWYVZ,2.181934472742365e-05,6.4820843999019385e-06,0.999968299858154,3.3987127187182775e-06
ID_XCLVYX,1.7142179164838854e-06,0.9999939643552357,1.9658305780627245e-06,2.3555962696013505e-06
ID_XDCBML,0.00012665934332533615,1.1554695474272949e-05,0.9998596355485599,2.150412640426189e-06
ID_XDFTZZ,1.9945348901823788e-06,2.3173195097545587e-06,1.8981824974476989e-06,0.9999937899631027
ID_XDMVMM,2.086543426358476e-06,0.9999924225841119,3.28739763111447e-06,2.2034748304321297e-06
ID_XEVQHX,5.8888594046819e-06,3.693887646870874e-05,6.644957158114453e-06,0.9999505273069685
ID_XFSLFU,0.9980270409432838,0.00031983681585703784,0.001556306847555777,9.681539330351655e-05
ID_XFWNKY,0.000835137822487982,1.113188664091167e-05,0.9991464017509161,7.3285399549168455e-06
ID_XGBUNW,6.8800886276768496e-06,5.572693339142846e-06,0.9999845612430793,2.9859749537630504e-06
ID_XGFKEN,4.570824432666574e-05,1.2288082022724553e-05,0.9999351415003795,6.862173271069588e-06
ID_XGJMZC,1.260931878218372e-05,5.229112693415154e-05,1.175144451430326e-05,0.9999233481097695
ID_XGOABT,0.999607656089971,1.0317000199433709e-05,0.00037539315628310496,6.633753546469051e-06
ID_XHBQPF,0.9617582236458148,5.558630486214188e-05,0.03814816195807581,3.8028091247279354e-05
ID_XHTZCI,2.0222815567398554e-06,0.9999922406458561,3.923543886698996e-06,1.8135287003533711e-06
ID_XIEMWG,4.8422778485606956e-05,6.417276639997498e-06,0.9999416288598181,3.531085056466395e-06
ID_XIIOWV,2.798334022171932e-06,0.9999910953383475,2.588041560137217e-06,3.5182860701087047e-06
ID_XJRBMI,0.9997811203711161,1.3528604999369184e-05,0.00019579727639811506,9.553747486470012e-06
ID_XJYLRF,1.3950565956332833e-06,0.9999908761496563,2.1592867910689056e-06,5.5695069569737694e-06
ID_XLDPZS,0.9997833995562656,1.5133835781133052e-05,0.00018809997870244944,1.336662925085993e-05
ID_XLDVCN,2.112661048366528e-06,2.8584813746268016e-06,2.295082055188496e-06,0.9999927337755219
ID_XLUWLV,2.1467130577823386e-06,2.676367381906325e-06,2.2944644751259832e-06,0.9999928824550851
ID_XNGQBZ,0.9998599038480651,1.694616431429762e-05,0.00010975317640432416,1.3396811216293999e-05
ID_XOQVRA,3.8158031278784434e-06,0.9999842244888704,4.285606047425804e-06,7.67410195431926e-06
ID_XPHJMZ,2.0758074228161833e-06,0.9999933630694687,2.6539463398749513e-06,1.9071767684689195e-06
ID_XREJEU,8.066363925970069e-06,6.795861675152828e-05,9.896271853733696e-06,0.9999140787474688
ID_XRZHAV,5.5196990863283484e-05,5.578990925910574e-06,0.9999361119438926,3.112074318058666e-06
ID_XSCGKH,2.7248510138941335e-06,0.9999912805607475,3.113631520929834e-06,2.8809567177387606e-06
ID_XSITII,0.9983727187091382,2.9813897606596643e-05,0.0015819148348400153,1.555255841509622e-05
ID_XTJPEO,9.415528470234117e-05,0.9997283971500956,9.872123652102078e-05,7.872632868088654e-05
ID_XUBQXT,0.9992083064229814,1.5153483588327023e-05,0.0007667522492354887,9.787844194842645e-06
ID_XUKBYU,2.8570706403612874e-06,0.9999903058742793,3.2815619625381915e-06,3.555493117807885e-06
ID_XVKNSD,1.997078377174284e-06,3.631433973492086e-06,2.5289682603093944e-06,0.999991842519389
ID_XVQFWW,0.9977786335698648,2.3314761693473767e-05,0.002183018690233881,1.5032978207654638e-05
ID_XVUIVT,5.126764668530837e-05,1.248654855107149e-05,0.9999293783022769,6.867502486713243e-06
ID_XXEXGF,2.5190387140059733e-05,8.156829078601805e-06,0.9999621602952184,4.492488562891187e-06
ID_XXPAOD,2.2978750648574885e-06,2.901891123322443e-06,2.503855475010015e-06,0.9999922963783369
ID_XXVUFS,0.9730456180911558,7.684248983435857e-05,0.02682713226374313,5.0407155266729785e-05
ID_XXYDBQ,3.241980387006968e-06,0.9999893253776225,3.812979417348736e-06,3.6196625730647924e-06
ID_XYJZIJ,3.421069171776564e-06,0.9999900903529362,3.972409722913839e-06,2.516168169166939e-06
ID_XYVFYX,3.829864577276457e-06,2.8522818427402857e-05,4.365229175116202e-06,0.9999632820878201
ID_XYZFLF,2.4511425651068082e-05,9.981064791782733e-06,0.9999602357105413,5.271799016047303e-06
ID_XZBUJB,2.1414477126029937e-06,0.9999937905759946,2.8009248653450126e-06,1.26705142734951e-06
ID_XZGAZR,2.5666710231231423e-05,2.2536355218462112e-06,0.9999706172499574,1.4624042893576922e-06
ID_YAUMQG,0.9998515252529043,1.0010777131353268e-05,0.00013244571071271884,6.0182592515813426e-06
ID_YAUXJL,3.951601733520447e-06,0.9999878002046402,4.277692714505394e-06,3.970500911853009e-06
ID_YBEXJU,1.1109185564722091e-05,7.829602622128541e-06,0.9999769265488837,4.134662929416275e-06
ID_YBNOYC,2.3703309365578555e-06,0.9999931497021124,2.8013221844556243e-06,1.6786447667408964e-06
ID_YDZRTT,0.00023196174695866464,0.0040662072405574816,0.00025376263352151,0.9954480683789624
ID_YENVJG,1.8947493057502197e-06,2.547831683485024e-06,2.0691213425859396e-06,0.9999934882976682
ID_YFCWKA,0.9998053247768932,5.137926419008392e-06,0.0001862029451363993,3.334351551363788e-06
ID_YGISHC,5.3951044874660884e-05,1.2739807883049815e-05,0.9999259355785775,7.373568664820617e-06
ID_YIPVQW,2.6349679123456405e-06,3.8039427555093496e-06,2.9454132770675106e-06,0.9999906156760551
ID_YJTPWN,0.00011914156389823162,5.158195322088012e-06,0.9998730162322891,2.684008490741556e-06
ID_YKYPOY,2.8095430534406924e-06,0.9999909672097638,3.205787550315277e-06,3.017459632439513e-06
ID_YMJDMN,0.987786190596423,8.768799366177991e-05,0.012069466610975596,5.665479893951663e-05
ID_YMUIJN,0.9994899048333926,2.818289013482567e-05,0.00047491690952886165,6.995366943663313e-06
ID_YMVRHW,0.9860268126753217,0.00044992611083458973,0.013386689610561268,0.00013657160328247646
ID_YNVASN,6.552639514837386e-06,6.99319041126396e-06,0.9999826711630655,3.7830070082916487e-06
ID_YNYVDX,4.8541916340688754e-05,4.66441705374772e-06,0.9999436021834833,3.1914831223792677e-06
ID_YOFONJ,2.9310649059556508e-06,8.96994137697355e-06,3.1598048754949686e-06,0.9999849391888416
ID_YOZYCT,2.4600738861515807e-06,0.9999921277898822,2.813320933374174e-06,2.598815298442029e-06
ID_YPEUWH,1.7479147827169854e-05,7.321058047509174e-06,0.9999722284939598,2.971300165526576e-06
ID_YQOIHQ,2.441868924954315e-06,0.9999930211193885,2.803497968568304e-06,1.733513718050679e-06
ID_YRGNQU,0.0009239156946269229,0.10532892051785461,0.0015495459271907199,0.8921976178603277
ID_YSKBBI,1.9779711205745317e-06,4.229107929724622e-06,2.0921178385653326e-06,0.9999917008031111
ID_YTKUUL,4.14025872302024e-05,1.1500387870481744e-05,0.9999406733812884,6.423643610973001e-06
ID_YTOJQQ,2.625722070747683e-06,0.9999918525644983,3.0362917614471014e-06,2.485421669525613e-06
ID_YUEGJH,1.1658283493455955e-05,6.147076815191442e-06,0.9999787879511643,3.4066885269627974e-06
ID_YUXJAI,0.9997216951827286,1.7744593546242905e-05,0.00024922944374811546,1.133077997704782e-05
ID_YVMIEX,5.9693409293637705e-05,0.010202420352509296,6.204095323517318e-05,0.989675845284962
ID_YWABZN,1.807345509004505e-05,7.110871323133393e-06,0.999971931489532,2.884184054860987e-06
ID_YWBMIU,0.00020616841601136818,0.0011128131886226726,0.000409541050908192,0.9982714773444578
ID_YXBJNZ,7.524918497890456e-06,4.412054277804786e-06,0.9999855994182655,2.463608958820114e-06
ID_YXVKZR,6.1678511102305985e-06,4.4973581349680785e-06,0.9999868247586944,2.510032060316538e-06
ID_YXWOUQ,4.3277455554659014e-06,0.9999859073403402,4.958923843881179e-06,4.805990260443872e-06
ID_YXYPNE,2.112581981138927e-06,0.999993323070091,2.426653086390902e-06,2.137694841520262e-06
ID_YYKHQJ,5.259516096009351e-06,2.994830080388255e-05,5.626663853990913e-06,0.999959165519246
ID_YYKIRN,2.109783711007654e-06,0.9999925504371053,2.3607182804659413e-06,2.9790609031102804e-06
ID_YYOCYN,0.00468998504473559,1.56447087098979e-05,0.9952858570245922,8.513221962525636e-06
ID_YZJCKD,0.9999534022045851,9.1404549635706e-06,3.15567139894145e-05,5.900626462024864e-06
ID_YZUYOS,0.999851468254089,1.88101905488085e-05,0.00011746347009686229,1.2258085265035006e-05
ID_ZAFLWS,1.1756752476905102e-05,0.00023824740571076603,1.061790270671088e-05,0.9997393779391057
ID_ZANNAE,0.00015041892872072956,2.3843997604103504e-05,0.9998126289520501,1.310812162506273e-05
ID_ZBAENY,0.9997044612947903,3.784756719029961e-05,0.0002475108102218046,1.0180327797729953e-05
ID_ZCEXAD,0.00018018609144520995,0.002584597164055318,0.0001438802289731789,0.9970913365155263
ID_ZCOHNC,8.076130169534243e-06,4.681684097141626e-05,1.0123636819243898e-05,0.9999349833920399
ID_ZCQPZJ,4.619252106987096e-06,2.803200943985207e-05,4.916654636410364e-06,0.9999624320838166
ID_ZDAUAT,0.9984545168968424,1.0303914946885561e-05,0.0015253714376196512,9.80775059084381e-06
ID_ZDCEPH,2.9802359468396363e-06,0.9999896613236974,3.296282362581181e-06,4.062157993320096e-06
ID_ZDXTOM,1.1975178529766628e-05,0.00041706317130083405,1.274650886236088e-05,0.9995582151413069
ID_ZGPWDB,0.9998911059053869,2.1617744786269052e-05,7.736628458417471e-05,9.91006524258589e-06
ID_ZIMSNW,1.7746238343556344e-06,0.9999941061868288,2.519345410613419e-06,1.5998439261951096e-06
ID_ZIQGRT,1.61785194122408e-05,0.0007658115475830728,1.8481459613717783e-05,0.9991995284733911
ID_ZIZGXX,0.9997035463243342,8.630576138604058e-06,0.0002821460956391958,5.677003888025298e-06
ID_ZJDYLK,0.9999046831570454,9.479264551958973e-06,7.969310789907773e-05,6.1444705035121555e-06
ID_ZKEAEO,0.9978701478824316,3.232799200381257e-05,0.002076494060747543,2.103006481729601e-05
ID_ZLFEAA,0.00019525258686294657,1.4711821181408495e-05,0.9997823297365874,7.705855368162347e-06
ID_ZLNIVC,3.7351063441997724e-05,0.0001317530957518569,4.421363706466812e-05,0.9997866822037415
ID_ZLNTXR,0.99956625597199,2.224957697868676e-05,0.0003989072076641246,1.2587243367179643e-05
ID_ZMEKSI,1.0702074172457125e-05,3.4320045008865146e-06,0.9999839706198248,1.8953015016698791e-06
ID_ZMZPNF,3.0502856382788276e-06,0.9999913701685945,3.3322473972934985e-06,2.2472983698067662e-06
ID_ZNJUOS,2.9967889657495686e-05,1.1261242405011395e-05,0.9999569429731434,1.8278947940282617e-06
ID_ZOAAVW,0.00030241438136942414,2.014034972197573e-05,0.9996737085714777,3.73669743099112e-06
ID_ZOCTOI,1.8945865548411406e-05,2.7287633594913407e-06,0.9999764579349225,1.86743616949185e-06
ID_ZOJNBU,0.9995537939762634,1.5727897212910473e-05,0.00042273967833441744,7.738448189366463e-06
ID_ZPHTGI,0.9978722883658185,1.675996739881551e-05,0.00209978856520949,1.116310157319166e-05
ID_ZPMIGD,0.9955694559100067,8.315124213597755e-05,0.004321517643398022,2.5875204459505928e-05
ID_ZPRUAS,1.2436352952903433e-06,0.9999916201014399,1.922859919601492e-06,5.21340334520129e-06
ID_ZPVCGH,3.7913797138249095e-06,1.7667707898736163e-05,4.079642562065333e-06,0.9999744612698254
ID_ZPWGNB,0.0005154256196411758,1.1724108502357611e-05,0.9994663274487509,6.522823105747553e-06
ID_ZQJSXK,0.0006534821179297963,4.7819007514878365e-05,0.9992898181278175,8.880746737976953e-06
ID_ZQPHOL,0.00020021447440220965,1.1388547017074417e-05,0.9997840872605337,4.30971804704717e-06
ID_ZQTHSJ,8.515339675054633e-06,0.00010731009023459977,1.2669361704323538e-05,0.9998715052083861
ID_ZRCWCQ,6.700380239553281e-05,1.025966001368426e-05,0.9999170139893597,5.722548231179582e-06
ID_ZRRDIN,7.690290067856171e-05,0.0003607264166681785,8.596567797740297e-05,0.9994764050046759
ID_ZTKFQH,2.9414315568860038e-05,0.0014284802529282133,2.7405490499072852e-05,0.9985146999410038
ID_ZTRJPX,1.3931199489234897e-06,0.9999953756765447,1.975390261572227e-06,1.2558132448208222e-06
ID_ZUTVQY,0.9998681857888868,2.2032989422564457e-05,9.488738747945533e-05,1.489383421125299e-05
ID_ZWFLBS,3.438689935320061e-06,1.7672990867535137e-05,3.854058186283529e-06,0.9999750342610108
ID_ZWKWIN,2.203671716960316e-05,0.00020951872925938732,2.487524491850777e-05,0.9997435693086526
ID_ZWMJPU,3.6046069643357283e-06,4.360095188895523e-05,4.031280128298238e-06,0.9999487631610184
ID_ZWUJFO,0.006760653979272853,7.25322690908331e-05,0.9931411590037835,2.565474785273921e-05
ID_ZXNUDJ,0.9753985866305442,0.0003987923487766434,0.024078437958172196,0.0001241830625070361
ID_ZXTCJH,1.345120019671693e-05,4.3984070693511074e-05,2.001817549043779e-05,0.9999225465536193
ID_ZZIPPX,0.9998499599145793,1.2730197372484023e-05,0.0001314016476732726,5.908240374904927e-06
ID_ZZWUCJ,0.0006101709951767785,2.16592687999942e-05,0.9993558916529675,1.227808305587912e-05
