filename,Mouth,Nasal,Skin,Stool
ID_ABHFUP,5.774205603346832e-05,0.9997403635654055,7.307415612808915e-05,0.00012882022243300233
ID_ADBLNY,6.060933897901451e-05,0.9997835284725701,7.645463869408988e-05,7.940754975683032e-05
ID_AFAEMB,0.9991630945848246,0.00012325348271818203,0.0005766250449734383,0.0001370268874838495
ID_AFBBWK,0.9997241472637922,8.228893166341693e-05,0.00010201729405756126,9.154651048675657e-05
ID_AGHEZK,0.9991861627158856,0.00017373420314659437,0.00044680877924952426,0.00019329430171818448
ID_AGKIYB,7.465807023058612e-05,7.362804500897212e-05,0.9997696704029051,8.204348185532231e-05
ID_AIQHUX,5.661575425835399e-05,6.566182386908158e-05,7.165618226089327e-05,0.9998060662396118
ID_AIVFAZ,6.076254152879071e-05,8.114829333526338e-05,7.692579595298438e-05,0.999781163369183
ID_AJCBOB,0.00013290504869872144,0.00019532454052417005,0.00016501960575992584,0.9995067508050173
ID_AJGVTS,0.9995418218442268,0.00010842072565772424,0.00022939494679331685,0.00012036248332210435
ID_AJKHOU,6.240477906812254e-05,0.9997753534917942,7.896052584732964e-05,8.328120329020837e-05
ID_AKDVQI,9.513101448619165e-05,0.999577524483688,0.00012861012300827862,0.00019873437881756358
ID_AKIAKB,5.9481600960941514e-05,0.00010895420200747047,7.531135884886699e-05,0.9997562528381827
ID_AKWSZD,6.050129095528853e-05,7.059237386092837e-05,7.637824103523349e-05,0.9997925280941485
ID_ALGOGQ,8.354695729852873e-05,8.969736731155764e-05,0.9997268819163637,9.98737590262485e-05
ID_ALHTER,8.95907820820566e-05,0.0001100774213641953,0.00011335017826123084,0.9996869816182926
ID_AMSOXU,0.947986398557206,0.0010406489208099456,0.04982499681287,0.0011479557091141396
ID_AMUYDZ,6.350875280682803e-05,0.9997769946672727,7.879974230407407e-05,8.069683761647575e-05
ID_ANSGID,0.0003819254315767534,0.0001553092299917762,0.9992932146579959,0.00016955068043556561
ID_AOQGWN,0.00017389389353672478,8.439883319070537e-05,0.999646744277017,9.49629962556266e-05
ID_AQDZLZ,6.28463059074385e-05,0.9997751056437375,7.945975959713653e-05,8.258829075792081e-05
ID_ARCTEP,6.336135790255013e-05,0.9997743945423696,8.015523468789559e-05,8.208886503996382e-05
ID_ARGCHE,6.570713356072902e-05,0.9997636690363972,8.873678821372415e-05,8.188704182829081e-05
ID_ASNCNV,9.416705595096369e-05,8.811183006270456e-05,0.9997196105448491,9.811056913706774e-05
ID_ATFRKF,0.00041838825871453716,0.9963027849310448,0.0005253965355198729,0.002753430274720813
ID_AUPWYI,6.383054128003784e-05,7.400887816590627e-05,8.067617996648799e-05,0.9997814844005876
ID_AUUTWM,0.00011223386310418406,9.20891680361033e-05,0.999693169477068,0.00010250749179178456
ID_AVMUKC,0.00019762759383812808,0.0001325119287056856,0.9995229774713906,0.00014688300606554167
ID_AVZMAJ,6.407096426106578e-05,0.999774353137122,8.007090154735189e-05,8.150499706947838e-05
ID_AWDNCQ,5.940166555157525e-05,0.9997304881315144,7.495007281786241e-05,0.00013516013011607647
ID_AWHBEB,5.830226533271874e-05,8.901607820351703e-05,7.382987119631726e-05,0.9997788517852675
ID_AWINYS,5.854107580841578e-05,0.00011488848997322442,7.417136306670756e-05,0.9997523990711517
ID_AWUOPA,6.088279182337968e-05,0.9997825575131631,7.706309122549453e-05,7.949660378806186e-05
ID_AYOAPD,0.9986137522013108,0.00022085185896392965,0.0009204366541608144,0.0002449592855644892
ID_AYRSVB,0.9997446825186798,7.78912376258804e-05,9.082736676100442e-05,8.659887693327727e-05
ID_AYUWST,6.584330504344797e-05,7.843900781589523e-05,8.47012813483439e-05,0.9997710164057922
ID_BAFNRW,7.631303444568133e-05,0.00010674495752390357,9.381594994611681e-05,0.9997231260580843
ID_BBHQDM,6.960955436289138e-05,7.05579457560017e-05,0.9997812595890436,7.857291083738363e-05
ID_BBHZGN,0.9984672620553331,0.00010215424299342026,0.001317893345392145,0.00011269035628126723
ID_BBZYDO,6.102043539594239e-05,7.060122631327664e-05,0.999789768329904,7.861000838668509e-05
ID_BCGAMY,0.08401543165499695,0.0004475062925482104,0.9149010275696208,0.000636034482834099
ID_BEHPUD,0.00012022104381370066,0.00014107578874035954,0.00015223776402848685,0.9995864654034174
ID_BFALNR,0.9995182009047571,9.916909940517628e-05,0.00027236368867308944,0.00011026630716456569
ID_BFHWMT,0.9996539848547414,8.718130170866656e-05,0.00016189404627321436,9.693979727664222e-05
ID_BGAGEX,0.0002863544790002844,0.000130521455201843,0.9994370507891949,0.00014607327660299117
ID_BGAQPG,0.018691553757253777,0.0002998178993400677,0.9805852080866035,0.0004234202568025396
ID_BGUKXP,6.261891909771996e-05,0.9997766550284913,7.922196502379577e-05,8.150408738717029e-05
ID_BGXBIY,5.991608793143578e-05,0.00014309935593796537,7.588758011992157e-05,0.9997210969760106
ID_BGXNSA,7.203515944199094e-05,8.301678770923963e-05,0.00010042019317740967,0.9997445278596714
ID_BIVMAZ,0.9996259932355729,8.732464294343924e-05,0.0001896125582111492,9.706956327252532e-05
ID_BIZXXH,6.507092281795775e-05,0.9997717463030321,8.140467770638863e-05,8.177809644356674e-05
ID_BLOYRU,6.833409785794958e-05,7.081756139570303e-05,0.9997819974730697,7.885086767667247e-05
ID_BMLXGW,6.179232003277875e-05,7.097543482619694e-05,0.9997882095768074,7.902266833362767e-05
ID_BMMBCB,0.00019048190974165258,0.00012661002081550308,0.9995419261673117,0.00014098190213112424
ID_BMOTBZ,0.9997127650222668,7.713106743315099e-05,0.00012431650372287558,8.578740657722683e-05
ID_BMTDZO,6.41007048623889e-05,0.9997714772524017,8.135630358781825e-05,8.306573914809227e-05
ID_BNMXEV,7.381088139607502e-05,6.908470141093007e-05,0.9997631808203729,9.392359682008454e-05
ID_BNPBKM,6.696693137568617e-05,7.077422716944231e-05,0.9997834751662106,7.878367524431497e-05
ID_BNZPZI,6.129391910775363e-05,0.9997809342904844,7.732870148248136e-05,8.044308892546456e-05
ID_BPZJQD,5.4449236643087646e-05,0.00010782451321493144,6.846455032116359e-05,0.9997692616998208
ID_BQALZS,0.9695674416416183,0.0007394185138542352,0.02887692771681839,0.00081621212770902
ID_BRQVGL,0.017835520793663403,0.000663589561137749,0.9807669333906756,0.0007339562545233321
ID_BRXQMI,6.287060490289238e-05,7.108015818784942e-05,0.9997866181288898,7.943110801944806e-05
ID_BSCLTL,0.99893062615785,0.00010652554674701856,0.000844355838512506,0.00011849245689056004
ID_BSFZJR,7.003955972826573e-05,0.9997130224159585,8.225986794909759e-05,0.00013467815636411515
ID_BSKTJR,7.46718869942518e-05,0.9990293349052525,0.00011100954080120303,0.0007849836669520501
ID_BSUSJN,0.9925553640390157,0.0011802321191544541,0.0049541664017789646,0.0013102374400508772
ID_BTVXGK,6.0554288169271557e-05,7.137528754301193e-05,7.667542808875769e-05,0.999791394996199
ID_BTYEBT,5.995854782718095e-05,0.0001427191515634757,7.593886503319657e-05,0.9997213834355761
ID_BUHWGN,0.9906999594575677,0.0003494861260259344,0.008562321125643578,0.00038823329076278243
ID_BUTTHJ,0.00017906603092865446,0.00010172591358960408,0.9995990027730036,0.00012020528247816982
ID_BWNYHM,6.527331845757095e-05,7.357701710440814e-05,8.091735268316678e-05,0.9997802323117548
ID_BWUYYP,0.9997115488474179,8.035666354644495e-05,0.00011872973620566606,8.936475282994336e-05
ID_BWVHUF,0.9992163845492199,0.00013134627095336954,0.0005062591158219385,0.00014601006400484702
ID_BXBUWW,0.0001323989371903513,7.83166795201918e-05,0.9997044452142781,8.483916901129978e-05
ID_BXGPNO,0.9627481517553756,0.0012227186818700964,0.034674440197088235,0.0013546893656659247
ID_BXLGGU,0.0016882669886290323,0.0005958646081253641,0.9969209258020485,0.0007949426011971155
ID_BYAFED,0.949092056620059,0.0016146465787981112,0.04750184572094178,0.001791451080201013
ID_BYCFRG,6.725228062223476e-05,7.144851232432196e-05,9.809003913350846e-05,0.9997632091679198
ID_BYTEUW,0.0001131317713007817,0.9995336656094608,8.799433324065255e-05,0.00026520828599779377
ID_BYYXZS,6.14447313260393e-05,7.09453234443115e-05,0.9997879053517571,7.970459347266268e-05
ID_BZILSP,6.340444004104617e-05,0.9997772296031503,7.873244344100147e-05,8.063351336750119e-05
ID_BZSGLQ,0.9993085762778647,0.00013136430436418338,0.0004150787445864433,0.00014498067318460795
ID_BZUXXM,6.002121036338759e-05,7.012689984739924e-05,7.597142560381835e-05,0.9997938804641854
ID_BZYPZI,0.00011239275860584016,0.00013053269640021345,0.0001469309198270028,0.999610143625167
ID_CAFLUD,0.9995377605288215,0.00011552823324531988,0.0002182891729472599,0.00012842206498597604
ID_CAMNHK,6.35862721829649e-05,0.9997770431210314,7.879301479730627e-05,8.057759198837245e-05
ID_CCCVPZ,6.194586393650532e-05,0.9997794703152771,7.834212580294378e-05,8.024169498342123e-05
ID_CCNTTA,6.128144690209644e-05,7.088111480006956e-05,7.762712725147515e-05,0.9997902103110463
ID_CDWNJE,0.00016922353047485206,0.00010079320835122335,0.9996177596351433,0.00011222362603055652
ID_CEPPVK,0.9995160775115098,0.0001155050010079103,0.00024000529166060043,0.00012841219582168008
ID_CFQAKO,5.8937171209628975e-05,0.0001025934961964014,7.41031293311808e-05,0.9997643662032628
ID_CFTZNA,6.425714510346442e-05,7.568136723980353e-05,8.135087719665803e-05,0.9997787106104601
ID_CFUAPP,6.018883432179373e-05,6.996466650462417e-05,7.622428450148091e-05,0.9997936222146722
ID_CGQXZL,6.267880554007317e-05,0.9997754340947339,7.924518860408307e-05,8.264191112186621e-05
ID_CHLDYV,6.219825282446303e-05,0.9997785143683838,7.871123038473795e-05,8.057614840694946e-05
ID_CHLUGJ,0.00022473744686940075,9.950943366333556e-05,0.9995649239057937,0.00011082921367361054
ID_CHVVYY,6.0201764640281914e-05,7.285072289111617e-05,7.61897221953889e-05,0.9997907577902732
ID_CIGUQR,0.9994937933145444,0.00011127990733982906,0.000271165761552816,0.00012376101656298434
ID_CIQIKP,6.025621938230372e-05,7.03212754311047e-05,7.630976604286432e-05,0.9997931127391437
ID_CIVPPF,6.226831530477191e-05,0.999778369651958,7.873174579307774e-05,8.063028694410284e-05
ID_CIZFBU,5.656910976163922e-05,7.566413630068513e-05,7.160935565348515e-05,0.9997961573982841
ID_CJIVXL,7.408820075647047e-05,7.743162686922406e-05,0.999762342957165,8.613721520921581e-05
ID_CKYLDD,7.508971009540018e-05,0.00017718673518239195,9.49747813844537e-05,0.9996527487733378
ID_CKZWMZ,0.9993532435166288,0.00010513048942216572,0.0004247740266774517,0.00011685196727160386
ID_CMCJKR,6.0161999725906174e-05,7.010742150000055e-05,7.620875365514629e-05,0.9997935218251189
ID_CMJWBS,0.0013894481572145805,0.0002611004549151458,0.998061344285714,0.00028810710215628453
ID_CMXVYQ,0.9988452005163078,0.00015389718648623204,0.0008298633129262122,0.0001710389842797966
ID_CMYHXL,6.178563110337897e-05,7.080139237971768e-05,0.9997885797164908,7.883326002607779e-05
ID_CNJEMU,0.00013522529463318628,0.9992175982565116,0.00017232201883064105,0.00047485443002454216
ID_CNVJTD,5.989748252209628e-05,7.06441654615013e-05,7.579055747248182e-05,0.9997936677945439
ID_CNYSMN,6.019640840054611e-05,7.190805309969369e-05,7.623449578795807e-05,0.9997916610427118
ID_COAYXA,6.4387212038688e-05,0.9997709666901807,7.97802276598304e-05,8.48658701207084e-05
ID_CPQIGO,6.904721250113388e-05,7.090065049581386e-05,0.9997811132954846,7.893884151844572e-05
ID_CPWFIE,0.00011034022950983776,0.0014061319354437198,0.00014419317953997737,0.9983393346555064
ID_CQPBJZ,0.9996180283541356,9.040711573048934e-05,0.0001910712926452672,0.00010049323748858782
ID_CRIKEW,8.550269403299826e-05,0.00012002433356726493,0.00010814971052879953,0.999686323261871
ID_CRRLME,6.02232630176446e-05,7.122078459482163e-05,7.62364338020826e-05,0.9997923195185854
ID_CRUQTU,0.00030206598876056384,0.00011903459080552931,0.9994064408447382,0.0001724585756956607
ID_CTBHHY,8.559000006629652e-05,7.325434340382144e-05,0.9997595958438179,8.15598127120211e-05
ID_CTHPWQ,6.021672291842846e-05,7.024865686028015e-05,7.627247656093066e-05,0.9997932621436603
ID_CURUPB,6.291649488861737e-05,0.9997754744329337,8.012502933577893e-05,8.148404284186522e-05
ID_CURZNU,0.9996902309348681,7.965283107596196e-05,0.0001414987014944732,8.86175325613673e-05
ID_CVBFDK,8.442093813302705e-05,0.00010326010965420069,0.00010455365476387047,0.9997077652974489
ID_CWNXOC,6.0264426103385273e-05,7.663810981994079e-05,7.629064982148227e-05,0.9997868068142551
ID_CXKMII,6.0938894491944495e-05,7.092867061124672e-05,7.714329425603852e-05,0.9997909891406408
ID_CXKXTY,0.9997359646866251,7.743692823007417e-05,0.00010045887111042736,8.613951403439384e-05
ID_CXYITK,6.702161546663793e-05,7.148280899949052e-05,0.9997819137106415,7.958186489233076e-05
ID_CYIBFB,7.549131903036259e-05,7.145526061866997e-05,0.9997734925018479,7.956091850311003e-05
ID_CYRXBM,6.400873383213623e-05,0.9997717255372218,8.187774595749562e-05,8.238798298855765e-05
ID_CZJPWJ,6.032042418529022e-05,7.029547388652639e-05,7.632721731916138e-05,0.999793056884609
ID_CZUTBP,0.0005005401188116102,0.00017891228315384888,0.9991271891336541,0.00019335846438051478
ID_DAKOMQ,0.9975108224960973,0.00023555383268844768,0.001991957438731454,0.0002616662324826567
ID_DBPGZB,0.0005532822748620027,0.00019985624254637406,0.9990228265616661,0.00022403492092549576
ID_DCMDEF,6.220990289659953e-05,0.9997784465319969,7.871910081956837e-05,8.062446428696756e-05
ID_DCSXUC,0.9997016767598097,8.130362473589272e-05,0.00012663597646183264,9.038363899255336e-05
ID_DCYZXZ,6.921022581040855e-05,7.083427094085832e-05,0.9997810810532891,7.887444995972604e-05
ID_DDCLES,0.00124221291625931,0.00020009113741447797,0.9983358489920485,0.0002218469542777698
ID_DDERSC,0.9997291171959287,7.777780099592924e-05,0.00010658012364330917,8.652487943208922e-05
ID_DDGNIM,0.9993291965556674,0.00012275954391844634,0.00041150168119506107,0.00013654221921906607
ID_DEACVT,7.416090561018317e-05,0.00022988146862798893,9.366063884006034e-05,0.9996022969869218
ID_DEFZNC,7.988799210433312e-05,7.273335250064057e-05,0.9997657692818952,8.160937349991306e-05
ID_DEHZSK,0.9988191012953076,0.00013015092265497875,0.0009065301909993883,0.0001442175910380927
ID_DESNNL,9.94948391268309e-05,9.054344333083776e-05,0.9997092470187465,0.00010071469879575969
ID_DFXCET,8.645049557861234e-05,6.913365612621693e-05,0.9997671899277468,7.722592054834321e-05
ID_DGIHFW,6.316152716050755e-05,0.9997750562259352,8.039686257730871e-05,8.138538432707892e-05
ID_DGMYWY,0.0002759514961643235,0.00014511282443887335,0.9994176510872321,0.00016128459216477504
ID_DHEWQO,8.1890546151834e-05,0.000660122792055313,0.0001038754984079884,0.9991541111633849
ID_DHGWGW,0.00010621060420273416,7.128396008007321e-05,0.99974314087839,7.936455732708086e-05
ID_DHZVMF,6.311471287435607e-05,0.9997737423942435,7.98749272301878e-05,8.326796565193123e-05
ID_DIHNQA,8.333732233799429e-05,7.085768962717831e-05,0.9997669095691573,7.889541887765347e-05
ID_DJFCZY,7.024114785640559e-05,9.676351516496801e-05,8.882170997550007e-05,0.9997441736270031
ID_DKLXBK,0.00026241659663034156,0.00015633294599773741,0.9993990289523093,0.0001822215050626274
ID_DLHWNC,0.00016772707782237046,0.00033879457912849034,0.00021221949747140297,0.9992812588455777
ID_DLQHZF,6.291041302197565e-05,7.846002547802653e-05,7.951073533720122e-05,0.9997791188261629
ID_DMOSUZ,0.00012326850599851628,7.716876971332551e-05,0.9997135653400407,8.599738424736957e-05
ID_DPIERJ,0.9996216854582581,9.304129900758591e-05,0.00018179822191379314,0.00010347502082056888
ID_DPYKSG,0.00034421121487320335,0.00010303971947037052,0.9994380302849728,0.00011471878068352012
ID_DQGGYD,6.220778564384506e-05,0.9997784811334207,7.871309211831825e-05,8.059798881723788e-05
ID_DQRJKX,0.00039062754498792713,0.0004944729739235295,0.0004943963250126088,0.998620503156076
ID_DQSPHV,0.0007261425964703947,0.0012411063734885986,0.0008855903529328709,0.9971471606771082
ID_DQYBXD,0.9958777412777482,0.0003002897572833902,0.0034894744081652865,0.00033249455680308017
ID_DRBNSZ,0.0025463631277616535,0.0018139219628414871,0.9947577414213107,0.0008819734880862035
ID_DRCHAK,6.515743528940997e-05,7.673565279868634e-05,8.245283514991106e-05,0.999775654076762
ID_DSBIZA,6.0252813815998015e-05,8.19355296248194e-05,7.627792878881878e-05,0.9997815337277705
ID_DSPHUD,6.262557556467986e-05,0.9997758321720115,7.926476253657768e-05,8.227748988714749e-05
ID_DTOEMP,6.184991364709812e-05,7.074391464013797e-05,0.9997886367517306,7.876941998215993e-05
ID_DUQOMR,6.209263236400926e-05,0.9997788668050401,7.857317730159655e-05,8.046738529431597e-05
ID_DVNEFD,0.00038116588482800675,0.00014786223831315744,0.9993063288737284,0.00016464300313051515
ID_DVPYOJ,6.335990830412264e-05,0.9997769115274306,7.88807743596305e-05,8.084778990561213e-05
ID_DYXRFB,6.568475288256963e-05,7.19625007503663e-05,0.9997821422996216,8.021044674556205e-05
ID_DYYGRW,6.791678495487533e-05,7.139529594088698e-05,0.9997811943704776,7.949354862658739e-05
ID_DZAKRS,6.81814078562114e-05,0.9997605969109649,8.489887414098572e-05,8.632280703789145e-05
ID_DZCDNY,0.9987520926921528,0.00017460874900561435,0.0008791482302647999,0.00019415032857676996
ID_DZKIUK,6.23078370559562e-05,0.999777145645727,7.883461377564375e-05,8.171190344138467e-05
ID_DZTHPW,0.9991046866977142,0.000149689103524395,0.0005793723788783021,0.00016625181988302756
ID_DZYFXF,8.568085143487168e-05,0.9996432568267372,0.00011589652638483859,0.00015516579544307856
ID_EANLQD,6.374460170724995e-05,7.14332181193602e-05,0.9997852824750484,7.953970512504655e-05
ID_EAPIEV,6.001827812852581e-05,6.988216677660628e-05,7.601842118948797e-05,0.9997940811339053
ID_EAPNYZ,0.0001518042181918472,8.212449331205276e-05,0.9996746415162581,9.142977223805358e-05
ID_EAWZFF,0.00013445420599638526,7.525720985804812e-05,0.9996946010216631,9.56875624824434e-05
ID_EBAFVX,0.9995442287718608,0.00011344312460192233,0.00021647793530912073,0.00012585016822811115
ID_EBELWC,7.057444918413034e-05,0.9997309918130064,0.0001112092122171608,8.722452559234575e-05
ID_EBRDMD,0.0002367420020037742,0.00011744058371050425,0.9995150957416619,0.00013072167262378177
ID_EBWXAG,9.842625396754113e-05,9.52216258047721e-05,0.9997001536549329,0.00010619846529481632
ID_ECKILA,6.0017358340804104e-05,7.025022793680153e-05,7.599037515885943e-05,0.9997937420385635
ID_ECPNHL,0.999588146882787,9.593893459608543e-05,0.00020942652183692463,0.00010648766077993786
ID_EDUVCV,6.927520974992572e-05,7.57028917520187e-05,0.999769902110059,8.511978843901126e-05
ID_EDWVNO,7.076216673545906e-05,7.092739359765278e-05,0.9997793360497638,7.897438990310766e-05
ID_EFHUUR,0.9976150143898013,0.00017285783024352402,0.002020181529262288,0.00019194625069298828
ID_EFKZYN,6.302600228440905e-05,8.192068585073661e-05,7.978142490862645e-05,0.9997752718869563
ID_EFLZAC,0.0001136480131048685,8.224174171600172e-05,0.9997127296138222,9.138063135689047e-05
ID_EFRAIW,6.781784780427339e-05,7.565376028364937e-05,0.9997722917108073,8.423668110491727e-05
ID_EGCJWN,0.0001755871647461113,0.00012046069170102779,0.9995699320862274,0.0001340200573255322
ID_EGRLRM,6.458500659433923e-05,0.9997745844231909,7.944875687570117e-05,8.138181333911208e-05
ID_EGSYYO,6.220889714231923e-05,0.9997784646430099,7.871587450038436e-05,8.061058534746019e-05
ID_EHBSHA,6.126018556134845e-05,8.43321368931758e-05,7.751444561938726e-05,0.9997768932319261
ID_EHJZYV,0.9993398393647838,0.00014553769107451155,0.00035289447702411094,0.00016172846711755493
ID_EJEHKC,0.9996961765399073,7.826772171037628e-05,0.00013848226968844903,8.707346869381885e-05
ID_EJROPO,0.9993212239343898,0.00013005544036420692,0.00040430262306229234,0.00014441800218369932
ID_EJRTGT,0.0008074666169064984,0.00014965669221407257,0.9988752714079211,0.0001676052829583397
ID_EJUYIB,6.207075591307338e-05,0.9997790011202011,7.855231211067743e-05,8.03758117751549e-05
ID_EJXDZM,0.999304781462146,0.00014125900806956148,0.00039675395969777824,0.00015720557008672367
ID_EKMJZC,0.00010260398168098527,0.9994858475151782,0.0001299026212598427,0.00028164588188096855
ID_EKTTWX,6.0025915766834646e-05,7.082865986150369e-05,7.6023471317901e-05,0.9997931219530538
ID_ELCGSP,6.267470725869172e-05,0.9997757962681755,7.930960892810081e-05,8.221941563761163e-05
ID_ELMXSH,7.04267058109158e-05,7.084931449110805e-05,0.9997798376880981,7.888629159988956e-05
ID_ELWLMP,6.105814908153844e-05,0.0001421603072906655,7.721794026647116e-05,0.9997195636033613
ID_EMAJOW,0.00016485704490626975,9.936617680668294e-05,0.999625533813185,0.00011024296510200793
ID_ENGLHB,7.297829187103847e-05,0.002708016940315571,9.24731641578603e-05,0.9971265316036555
ID_ENHCCD,0.000138946290951098,0.9993364145902958,0.00017548150078969805,0.0003491576179633957
ID_ENOODO,0.9995315337319866,0.00010292451224070933,0.00025136017115427555,0.00011418158461853335
ID_EOMOBF,0.00015291062398662498,0.0001842999188647417,0.0001936843488358397,0.9994691051083128
ID_ERGQHM,0.1933594378519028,0.0022970423813341648,0.801808712175037,0.002534807591726007
ID_ERUQTZ,0.0004704987145802953,0.00016544904746546585,0.9991798239130649,0.00018422832488927318
ID_ESCLBF,6.174792194016102e-05,7.327082365492231e-05,7.777981411203747e-05,0.9997872014402929
ID_ESOHQM,0.0011288105951869313,0.0002121113401488931,0.9984239672761689,0.00023511078849533022
ID_EUHSAJ,6.116192591494027e-05,0.9997672390436091,7.68031864410412e-05,9.479584403505477e-05
ID_EUMUND,0.0006981709942707062,0.00018635924652267308,0.9988499677355444,0.0002655020236622685
ID_EUOCRC,0.999725278644382,7.759478767801181e-05,0.00011083034483397681,8.629622310606932e-05
ID_EVQEWK,0.9996850123618968,8.014918193548944e-05,0.00014570224122161427,8.91362149460579e-05
ID_EWAEEB,6.300549838028116e-05,7.071366291859766e-05,0.9997875437346121,7.873710408900199e-05
ID_EWBQCC,0.9985423170469476,0.00015607926240201252,0.0011281043848879087,0.0001734993057624209
ID_EWLDSP,6.1012111190125003e-05,7.229265697189124e-05,7.72350370637143e-05,0.9997894601947743
ID_EWXVSN,6.682421488279791e-05,8.971060796011936e-05,8.4592563604426e-05,0.9997588726135527
ID_EWYNGD,0.00043391259886328655,0.00016237035302925492,0.9992231285467656,0.00018058850134181195
ID_EWZCIA,6.021702155755466e-05,6.996245422871996e-05,7.61908252456184e-05,0.9997936296989681
ID_EXBCAT,6.0138795280443096e-05,6.994437408260252e-05,7.608245502517097e-05,0.9997938343756118
ID_EXIPCZ,6.415935375989832e-05,0.999772047635337,7.983139719514295e-05,8.396161370805954e-05
ID_EYRGGZ,6.23091794526786e-05,0.9997783793978618,7.862047281594585e-05,8.069094986944393e-05
ID_EYVEPQ,0.00012400731491874224,0.00021723094214751436,0.0001567676739431477,0.9995019940689905
ID_EZJDLE,6.947902759394945e-05,0.00017382924750751976,8.795417840516364e-05,0.9996687375464933
ID_EZTVQT,0.9996764307250218,8.9219545622998e-05,0.00013509037749704955,9.925935185826092e-05
ID_FAMGIP,6.22986090196709e-05,0.9997783301955854,7.87348867108726e-05,8.063630868406264e-05
ID_FBVDCV,0.2326320381801169,0.006427318105928865,0.7538286042603182,0.007112039453636104
ID_FDJQKW,6.468736477328607e-05,0.00017768878949867361,8.192701026925805e-05,0.9996756968354588
ID_FGBIVM,6.328169592688306e-05,0.9997740975216113,8.063222122450922e-05,8.198856123718403e-05
ID_FGIJSX,6.203941534652873e-05,0.999758568281303,7.853091463889242e-05,0.00010086138871154511
ID_FHIWZA,6.203989841797032e-05,7.974719925998137e-05,7.85533282542458e-05,0.9997796595740678
ID_FHKIGB,0.9978665292897173,0.0002146310092400914,0.001680175374886974,0.0002386643261556421
ID_FJZWNX,0.00201020715857139,0.006149794386515859,0.0024322157801462785,0.9894077826747664
ID_FKCFBO,6.576083179079429e-05,7.186751302045782e-05,0.9997823644492279,8.000720596093812e-05
ID_FKSASE,6.379955914329109e-05,7.092647673715306e-05,0.9997863228192079,7.895114491164645e-05
ID_FLPTMS,0.9992585727215857,0.00013689144539994491,0.0004526691653108737,0.00015186666770356373
ID_FNCBDC,0.0001521006459104814,0.0002120638169338002,0.00018267188010692484,0.9994531636570488
ID_FNIOOK,0.9984124791228696,0.0002338249921696835,0.0010945906406419484,0.0002591052443188947
ID_FNMLKG,0.9995747935148646,0.00010759446392013122,0.0001975806211820249,0.00012003140003325975
ID_FOVLQW,8.711775891495662e-05,6.729122931277275e-05,0.9997706233618056,7.496764996675853e-05
ID_FQEEFC,5.9966654519063176e-05,8.059754304334593e-05,7.597316631467553e-05,0.9997834626361228
ID_FQMGPK,6.224210783224456e-05,0.9997776745672845,7.876661267133291e-05,8.131671221178013e-05
ID_FRMCKJ,6.346235436442064e-05,7.073719775021862e-05,0.9997867552265371,7.904522134820227e-05
ID_FRTXEK,0.9996070476109015,9.158802253295203e-05,0.0001994485126466862,0.00010191585391892121
ID_FSTZWF,6.280135109733283e-05,0.9997763239734391,7.940629782090245e-05,8.146837764273902e-05
ID_FSVRAD,0.00012894709846125287,0.00015878456055428618,0.00016263804533742175,0.999549630295647
ID_FSYFIA,6.246918453647444e-05,0.9997297182382001,7.91076622657531e-05,0.00012870491499763738
ID_FTAXBU,0.9983524533406195,0.00021090698427681767,0.0012021162198309677,0.00023452345527266808
ID_FUMEPV,5.897530036601825e-05,0.999731802259939,7.444285038436837e-05,0.00013477958931057903
ID_FVXHYB,0.9992938319426733,0.0001615147398308533,0.00036508510632196834,0.0001795682111738834
ID_FVYNDH,5.7934208127209855e-05,6.676894425563623e-05,7.140289838291482e-05,0.9998038939492342
ID_FWTBNG,9.041611687325377e-05,7.424876800135688e-05,0.9997526453484297,8.268976669570784e-05
ID_FXILGC,6.322184038653016e-05,0.9997749851493949,7.99775621400407e-05,8.18154480785255e-05
ID_FYCAFU,6.25703755421482e-05,0.9997775566376507,7.897979019264362e-05,8.089319661446078e-05
ID_FYMQCV,0.9997253871048173,7.568413735626773e-05,0.0001147403140032169,8.418844382318904e-05
ID_GAQOSA,5.980671484302773e-05,9.630588546145318e-05,7.573111328145053e-05,0.999768156286414
ID_GBCCNJ,0.00032350308459728626,0.0001455731784492762,0.9993688852178517,0.00016203851910178395
ID_GCQNBX,6.116341084744864e-05,0.9997514473137635,7.74446726149037e-05,0.00010994460277404448
ID_GDAVXE,6.682839808917608e-05,7.040189489256063e-05,0.999784385836571,7.838387044716756e-05
ID_GDNXCQ,0.9997285134067055,7.683011949223884e-05,0.00010919122842825883,8.546524537387333e-05
ID_GEIAET,8.403902199357218e-05,7.675317294830585e-05,0.9997537527478845,8.545505717368221e-05
ID_GGUPKG,0.999497408739489,0.00010836856348569069,0.00027362493318017786,0.0001205977638451816
ID_GITYQY,6.204922202893593e-05,0.9997791438794319,7.859674953672138e-05,8.021014900242732e-05
ID_GIUONV,0.00048345883383171394,0.00020972230430433623,0.9990300560641378,0.00027676279772630223
ID_GJDSLM,0.9995102859127784,0.00010843652492831031,0.0002612035497970958,0.0001200740124962959
ID_GKGCDS,6.920767320974146e-05,7.324994263330949e-05,0.00010158383390312081,0.9997559585502538
ID_GKKZPM,8.771962913089108e-05,0.9996898037130328,0.00010939188456492524,0.00011308477327133371
ID_GLCXOZ,0.0002210835505043317,0.00015817945777420083,0.9994430917582349,0.0001776452334866151
ID_GLDSLL,6.805769253420425e-05,7.108703876525794e-05,0.9997817074448857,7.914782381474226e-05
ID_GLLBKQ,0.9996034422765465,8.724899219742649e-05,0.00021224515896289383,9.706357229326791e-05
ID_GMAGLB,6.596987663217266e-05,7.062432853434985e-05,0.9997847656103657,7.864018446776105e-05
ID_GMYKDR,0.9997045223487713,8.338503142927008e-05,0.00011932743720017689,9.27651825992951e-05
ID_GNHNVJ,0.9978386142907122,0.00012118555914596678,0.0019056639308442254,0.00013453621929748348
ID_GOKJUH,0.9990914293063603,0.00022007292021796712,0.00044379191876829383,0.00024470585465347615
ID_GOLPVM,0.9991174576936633,0.0001010510938401039,0.0006691936785368002,0.00011229753395971942
ID_GPUNWD,6.222118496797723e-05,0.9997765999368846,7.873218286719977e-05,8.244669528030984e-05
ID_GPZVGY,0.0001456499901125251,7.763795433548878e-05,0.9996902693906088,8.644266494324356e-05
ID_GRTEMJ,6.781283968340186e-05,0.999757710802295,9.021315915684334e-05,8.426319886473347e-05
ID_GSFJFC,0.0002723271639382633,0.0009436473337399578,0.0007549049086801138,0.9980291205936417
ID_GSOESB,5.893208789650593e-05,7.467356614977656e-05,7.473306193082922e-05,0.9997916612840229
ID_GTODPC,0.0002664001713681721,0.00013479987416315731,0.9994487320082432,0.00015006794622543368
ID_GUEYOJ,7.010474151000857e-05,8.122228220643627e-05,8.841022677808076e-05,0.9997602627495055
ID_GUQQOZ,0.00029335756271003824,9.87838740519482e-05,0.9994965584484551,0.0001113001147829205
ID_GUYLSW,0.00011168216914514801,7.580065751289687e-05,0.9997281182695001,8.439890384183811e-05
ID_GVPQXB,5.863433733302559e-05,0.00011577369798707667,7.407263970311393e-05,0.9997515193249767
ID_GVZZFW,8.300237033734071e-05,7.166238076507101e-05,0.9997654259830007,7.990926589687778e-05
ID_GWJDGL,0.00011021260428769723,7.602556836487789e-05,0.9997194604001636,9.430142718389223e-05
ID_GXAHTP,0.9980795289294266,0.0002863257301512974,0.001317071823210049,0.0003170735172119545
ID_GXGVNB,7.336009226148544e-05,8.800698893081577e-05,9.28357367366133e-05,0.9997457971820711
ID_GXSXOM,7.36121157717729e-05,0.00022182330484085886,9.314874054559124e-05,0.9996114158388417
ID_GZVBSJ,9.725351627329262e-05,0.9996437610047757,0.00013424430247372076,0.00012474117647732827
ID_HAGLMG,0.9997235321177309,7.886308292331205e-05,0.00010991180219859421,8.769299714715006e-05
ID_HCHMLH,6.175348505867594e-05,0.9997809340284178,7.822240378067691e-05,7.909008274280945e-05
ID_HCITXL,6.218758278151339e-05,0.9997641576825543,7.667799445884251e-05,9.697674020527324e-05
ID_HDJRBM,9.981407072640225e-05,0.9995342204655274,0.00012636557362430734,0.00023959989012195193
ID_HECJPL,6.303061012775597e-05,7.323964683653003e-05,7.97946331511271e-05,0.9997839351098845
ID_HEJUMM,6.111703941071844e-05,7.339033180636805e-05,7.74045326105147e-05,0.9997880880961724
ID_HEYXJI,0.9886035944707058,0.0004644643291530951,0.010415814514140236,0.0005161266860009019
ID_HFCFFD,0.9993195318030734,0.00011719539068775681,0.0004332015165757351,0.00013007128966304032
ID_HFFTBQ,6.042896587657509e-05,7.011695513240777e-05,7.646164462326965e-05,0.9997929924343677
ID_HGAKXN,6.382442630814162e-05,0.9997729714352608,8.064428986229321e-05,8.255984856876233e-05
ID_HGCFTR,6.607190345015364e-05,0.9997684490513398,8.183880809583089e-05,8.364023711432338e-05
ID_HGLFGL,5.9279408524464744e-05,7.345977742702059e-05,7.490921518289305e-05,0.9997923515988657
ID_HGSQFS,6.0296165250754446e-05,0.0001473800159135837,7.540205627558598e-05,0.99971692176256
ID_HGWDFO,6.10975612716175e-05,7.080871743399712e-05,0.9997886274249925,7.946629630182464e-05
ID_HHJOJF,6.304112915399022e-05,7.215343177604825e-05,0.9997843804253347,8.042501373525793e-05
ID_HHQNRS,6.412786394881706e-05,7.092167536400265e-05,0.9997859832248827,7.896723580451509e-05
ID_HIJDMN,6.236532538254639e-05,0.9997782638885043,7.873245599070379e-05,8.06383301224079e-05
ID_HITNRL,0.00012371463655062192,8.901342426498993e-05,0.9996888465101691,9.84254290152291e-05
ID_HJFWMV,6.135985201791947e-05,7.07493313481142e-05,0.9997891173588036,7.877345783026467e-05
ID_HJGLOZ,0.0011536347821598004,0.9813684157048499,0.0012873295428907677,0.016190619970099487
ID_HJNVPV,0.9996913237971143,7.788364947560505e-05,0.00014415502345201445,8.663752995793527e-05
ID_HJRWRC,5.9818476346519516e-05,7.092739511822956e-05,7.577467708150498e-05,0.9997934794514537
ID_HKLNTW,0.9980059153807418,0.0001749188814318051,0.0016248324651390754,0.00019433327268736315
ID_HLDEDL,0.00011915385075153212,0.0001420206583796444,0.0001505469525165864,0.9995882785383522
ID_HLUGGK,0.9996337252747625,9.527681287066488e-05,0.00016500733662865724,0.00010599057573835609
ID_HMFMLT,0.9996208506555955,8.526629998576626e-05,0.00019895191381536512,9.493113060335954e-05
ID_HMTIMT,0.999484076935001,0.00011824633665483626,0.0002665258698954259,0.0001311508584488298
ID_HMXDQX,8.170567515407438e-05,0.00024716775834349706,0.00010341282082070301,0.9995677137456818
ID_HPVLUO,6.0262064268057856e-05,7.030263856580201e-05,7.631497366455588e-05,0.9997931203235015
ID_HQJZSF,0.00014019199281588518,0.00030357253199555205,0.0001775011266303167,0.9993787343485583
ID_HQMIJT,0.00010135049513018238,0.9996288578409704,0.00013520853981767287,0.00013458312408164315
ID_HRVNSM,6.147859850311054e-05,0.9997627895079103,7.783518452508802e-05,9.789670906153397e-05
ID_HRYIFA,0.9995257167481923,0.0001097126694095053,0.00024269353074593683,0.00012187705165216144
ID_HSUKYJ,6.779974979243892e-05,0.9997617339019255,8.467958559228284e-05,8.578676268982057e-05
ID_HTVJNB,6.223475544471896e-05,0.9997783650495277,7.874912313151407e-05,8.065107189612498e-05
ID_HTVKWC,5.693739299967472e-05,8.802673070676446e-05,7.16615826959944e-05,0.9997833742935975
ID_HUFMBH,6.18901058611925e-05,7.073714250366682e-05,0.9997885535894712,7.881916216404004e-05
ID_HVISJK,6.45945935370727e-05,8.235008808492376e-05,8.068978102457264e-05,0.9997723655373535
ID_HWKIFI,0.0011880387489689238,0.980066376688997,0.001440729801923015,0.01730485476011097
ID_HWYATC,0.0001436061691798833,0.9992790694292525,0.00018313579522681724,0.0003941886063407835
ID_HXCRPH,9.434505661346502e-05,7.454185447072011e-05,0.9997481283625236,8.298472639226955e-05
ID_HYTXHX,6.076083172340592e-05,7.050813210948767e-05,7.693366645359621e-05,0.9997917973697135
ID_HYWCAO,0.998965992731427,0.0001772380235151977,0.0006599002015802863,0.00019686904347751192
ID_HZITJP,6.344706326336668e-05,0.9997739161747907,8.086983709206965e-05,8.176692485383404e-05
ID_IADKDN,6.025463058010685e-05,7.016384364990304e-05,7.630790166996847e-05,0.9997932736241001
ID_IAUNPQ,6.280522724512893e-05,7.066320828302619e-05,0.9997878458862396,7.868567823222125e-05
ID_IAYUXL,6.26647107618215e-05,0.999777595411971,7.895337376781237e-05,8.078650349943219e-05
ID_IBCCFS,6.0036130865576316e-05,7.07293569273026e-05,7.603395176761928e-05,0.9997932005604395
ID_IBDNAG,0.00016525314041408788,0.00010163018018794166,0.9996173690036478,0.00011574767575006691
ID_IBKNZU,5.9789798857893125e-05,0.999743684878204,7.543668999790664e-05,0.00012108863294025002
ID_IBNEAO,5.989598158860887e-05,0.00015317420934137,7.578185073683768e-05,0.9997111479583332
ID_IBODDC,0.0010570976060496186,0.00019570282443885477,0.9985307436635646,0.00021645590594692162
ID_IDTLQJ,0.9996731871450368,9.39467243934593e-05,0.00012827503235827683,0.0001045910982114966
ID_IDVKOX,6.343063620725705e-05,7.127069309963244e-05,0.9997859439050155,7.935476567758015e-05
ID_IEFQOC,6.362740717414048e-05,7.118848832539729e-05,0.9997856684634331,7.95156410673353e-05
ID_IEHNEU,0.001539898965525904,0.0002979825946781633,0.9977922487611083,0.0003698696786876395
ID_IEMAVT,0.0005034530912038515,9.69363772533255e-05,0.9992916968111866,0.00010791372035617965
ID_IEOLLX,0.9984390449648534,0.00021206206857868036,0.001113087437218878,0.00023580552934906576
ID_IGDVEU,0.0009081263056460971,0.00018011420140085193,0.9987092999065668,0.00020245958638628818
ID_IIAVBJ,0.9934833881386915,0.00030898976738749455,0.005864101656346339,0.0003435204375746157
ID_IJLDZY,6.875408438228488e-05,7.09318634440388e-05,0.9997813353631598,7.897868901380658e-05
ID_IKMAKG,8.722090622828437e-05,0.9996937208219032,0.00010859813142000589,0.00011046014044856742
ID_IKVUWD,0.9995857565948285,9.902975925004341e-05,0.00020502664269683686,0.00011018700322454415
ID_IMSZXP,6.34527928372998e-05,0.9997772502224771,7.869823403968348e-05,8.059875064585418e-05
ID_IMWLHD,6.295948416300575e-05,7.078130273165088e-05,0.9997874497780326,7.880943507280857e-05
ID_INTDEO,0.9989925250475742,0.0001041454154935072,0.0007874731552110715,0.00011585638172131913
ID_IPIIVK,6.707535266614828e-05,0.00010420119756604809,8.611204930371812e-05,0.999742611400464
ID_IPNWJS,6.279301427961907e-05,7.127501701472514e-05,0.9997865690367744,7.936293193130967e-05
ID_IPUTNF,7.460833853788727e-05,0.0001222881280260523,9.467547137233435e-05,0.9997084280620637
ID_IQCHWD,8.652534804600424e-05,9.030150378305958e-05,0.9997224285105758,0.00010074463759528257
ID_IQGRGJ,6.430606395680901e-05,0.9997729551518066,8.09920279905338e-05,8.174675624611468e-05
ID_IQUWWF,5.993932887722454e-05,7.70623288188505e-05,7.591993644329681e-05,0.9997870784058607
ID_IRJAOX,6.398748721118135e-05,0.9997741830897579,7.943188549480504e-05,8.239753753619487e-05
ID_IRWALG,6.802917833390622e-05,7.148770915075224e-05,0.9997808701519129,7.96129606025862e-05
ID_ISGTTF,8.677968538681985e-05,0.00013762632079169942,0.00010925173607228816,0.9996663422577492
ID_ISPEXV,0.9996989825648457,7.614046902822765e-05,0.00014019041903857578,8.468654708760713e-05
ID_ISTTZD,0.9995662268668144,8.699462444155317e-05,0.0002500535254477142,9.672498329640225e-05
ID_ITKBYB,0.9988493118274999,0.00010941696433582964,0.0009203754631682107,0.00012089574499611872
ID_IVAWBE,6.313587229216626e-05,0.9997765613077181,7.861743528155648e-05,8.168538470812648e-05
ID_IVTLDU,6.181529764120728e-05,0.9997798632842327,7.825008384745458e-05,8.007133427852038e-05
ID_IWZSCD,0.009326375953767823,0.00013035659911929322,0.9903980306818037,0.00014523676530922957
ID_IXCKHJ,0.9988015906347756,0.00016779385238747417,0.0008440223550260691,0.0001865931578110019
ID_IXKYFH,6.532582818868648e-05,0.9997601935566656,8.173153442217942e-05,9.27490807236269e-05
ID_IXPYEV,6.26030230493774e-05,0.9997776978975236,7.888431087869255e-05,8.081476854836563e-05
ID_IYSRIJ,6.478673734411977e-05,0.9997690666985716,8.266050890892172e-05,8.348605517549986e-05
ID_IYVHTQ,0.0001018933390895238,8.824738499946351e-05,0.9997115755596719,9.828371623908343e-05
ID_IYZNTX,6.260738137432949e-05,0.9997780892252512,7.870096246738394e-05,8.060243090711313e-05
ID_IZGKUA,7.337592689527846e-05,0.0008867881209857058,0.00010624750632944601,0.9989335884457895
ID_IZTUIX,0.997687713393918,0.00015983517474344418,0.0019751460945138665,0.000177305336824665
ID_JAVLTI,0.0009643313772274603,0.00019237359800974605,0.9986296558185408,0.00021363920622193857
ID_JBBPNR,0.9992657259110018,0.00015893202670160507,0.0003989501618219412,0.00017639190047461146
ID_JCFYTI,0.00014121566922017606,0.00010415259671342378,0.9996383847033986,0.00011624703066778758
ID_JCPCLB,0.9967859135507371,0.00024965885021229747,0.00268776226908061,0.00027666532997003144
ID_JCQLQG,0.9880808046017413,0.0006902782483781267,0.010461093633082376,0.0007678235167982485
ID_JDCHUI,0.9938569587637656,0.000520769352091883,0.005044977958997974,0.0005772939251444771
ID_JDEOCS,6.728833973676781e-05,7.241891775213687e-05,0.9997796653108221,8.062743168899171e-05
ID_JECZIE,6.617893686630539e-05,7.170073051041042e-05,0.9997822852738507,7.983505877250228e-05
ID_JEJIUK,6.039158666692778e-05,0.9997558370607377,7.618114850659349e-05,0.00010759020408870949
ID_JEQRYR,0.00011146535810051528,8.228821187629478e-05,0.9997107693704896,9.547705953355149e-05
ID_JHDIEV,0.0004541295616399136,0.01044208581768349,0.00055630062635281,0.9885474839943238
ID_JHMOXA,0.9997096992122151,7.668033666064687e-05,0.00012831663446538765,8.530381665895607e-05
ID_JIFUYY,0.5137889955267416,0.012557218631562821,0.4597865943271293,0.013867191514566059
ID_JIVAMT,0.00022074022052497096,0.0001242929632750619,0.9995163807489201,0.0001385860672798828
ID_JIXSST,7.128373925082261e-05,8.446973474361597e-05,8.948273028086162e-05,0.9997547637957247
ID_JKVAAC,0.00012910761033699923,8.254197435142937e-05,0.999695903478443,9.244693686856933e-05
ID_JLFTVT,0.00010521833096170526,0.0007144971004029361,0.00013318071821520014,0.9990471038504202
ID_JLTBFO,9.041480359497984e-05,0.9996771384281595,0.00011443133989956192,0.00011801542834597948
ID_JMFWFN,0.9994332565888164,0.00013391209964761527,0.0002844643916764436,0.00014836691985959662
ID_JMGROA,6.404056553049875e-05,0.9997691583052938,8.140719689912189e-05,8.539393227654784e-05
ID_JMUPYH,0.00010077368990827056,0.9996392348776048,0.00012749236171705105,0.0001324990707699904
ID_JNFGCU,0.00011653668624035217,8.148554584577931e-05,0.9997115825289736,9.039523894022179e-05
ID_JNLKEV,0.9981226364766654,0.00016810019778322344,0.0015225426197823574,0.0001867207057688706
ID_JNZOKX,9.834749727296979e-05,8.237578322527668e-05,0.9997274802658406,9.179645366121427e-05
ID_JODBGW,7.007920993030162e-05,7.604933622731063e-05,0.9997682819074434,8.558954639896374e-05
ID_JOFKPL,0.999744226762536,7.735195226622991e-05,9.241399112413217e-05,8.600729407362028e-05
ID_JRKXJK,9.921157913733293e-05,7.620520138490974e-05,0.9997397276589358,8.485556054184908e-05
ID_JTGTDT,0.0007415957063243127,0.002825531885246272,0.0009290661368950147,0.9955038062715345
ID_JTSIEM,6.576195884699706e-05,0.9997684817647663,8.18935894797419e-05,8.38626869068367e-05
ID_JUHMAV,6.900415134340174e-05,0.9997560330848067,8.634878507974176e-05,8.861397877015791e-05
ID_JUQIPF,0.9985149042308169,0.00016385780039679124,0.001139832642048987,0.00018140532673729517
ID_JUVDVO,8.555815763464728e-05,7.671004046179394e-05,0.9997523156724375,8.541612946603147e-05
ID_JVEFEE,0.00011214524077566331,8.412183167994718e-05,0.999710154386337,9.357854120734088e-05
ID_JVLRWQ,0.9960670453776737,0.0003948089859713802,0.003100247639764163,0.00043789799659079825
ID_JWOPRN,0.9996584168022492,8.775755353409025e-05,0.00015638289737473365,9.744274684211726e-05
ID_JXAXIB,6.117514616626787e-05,0.9997678793375785,7.7492469181497e-05,9.345304707367998e-05
ID_JXCFZG,0.0014773223918719959,0.0002369609627889347,0.9980216894788974,0.00026402716644185673
ID_JXIJHK,6.230134283565215e-05,0.9997781266422057,7.884163984961981e-05,8.073037510902869e-05
ID_KAWYYK,7.81948417273145e-05,7.122675270651336e-05,0.9997712690888273,7.930931673890946e-05
ID_KCDUYG,0.00012796894300184662,8.409100852406327e-05,0.9996940205300163,9.391951845773722e-05
ID_KDUBNX,8.834186482755033e-05,7.556575479600804e-05,0.9997518736201928,8.421876018368057e-05
ID_KEJCVV,0.0005000638189747334,0.00014310568082138249,0.9991975224495038,0.00015930805070002468
ID_KGGOYX,0.0006544552713446454,0.00019954998523478515,0.9989236935273325,0.00022230121608804955
ID_KGPLHC,7.341165177008707e-05,8.520650810355414e-05,9.280380540099996e-05,0.9997485780347254
ID_KIGPAK,0.0002888062600789982,0.9888945585460498,0.0003671243735231588,0.010449510820348106
ID_KIMKCB,0.00010118921059557346,9.9854421517407e-05,0.9996873645043524,0.00011159186353458011
ID_KIQVVD,6.420582068587005e-05,7.078176042216539e-05,0.9997862009117925,7.881150709950077e-05
ID_KKJRNI,9.312981228937431e-05,7.758608487458297e-05,0.9997428681781224,8.641592471358708e-05
ID_KKOBOD,6.415222097856423e-05,7.1284510095721e-05,0.9997851937033895,7.936956553617015e-05
ID_KLRPRZ,6.502789489959197e-05,7.13378835832069e-05,0.9997842032194353,7.943100208181766e-05
ID_KLVYAP,0.9994989370850839,9.816459994211227e-05,0.0002937555597329492,0.00010914275524107606
ID_KMJAIJ,0.000988028363485251,0.0001901672820836513,0.9986196185408682,0.0002021858135627841
ID_KNLXQL,9.260227353427104e-05,7.263015507319009e-05,0.9997537605965534,8.100697483911552e-05
ID_KNUZPA,0.00027309517987135994,0.0001446938833371832,0.9994217624115099,0.00016044852528154956
ID_KNZDMP,0.9996944021078344,8.367364757662783e-05,0.0001288735112816716,9.305073330714846e-05
ID_KONGKK,0.00011162149302312713,0.0005487631092527387,0.00014136289493163118,0.9991982525027925
ID_KPMQMU,6.183118846479065e-05,7.095780926624148e-05,0.999788203875395,7.90071268740036e-05
ID_KQZHKZ,0.00011194757153630455,7.641262843664112e-05,0.9997265589180377,8.508088198933712e-05
ID_KRHOBX,6.347681281036391e-05,0.9997768748444541,7.880901300901803e-05,8.083932972649669e-05
ID_KRNXGB,0.0010104585024829252,0.0001880836413603096,0.9985938322798991,0.00020762557625772664
ID_KRPYRQ,6.275808692100213e-05,0.9997749262591683,7.94827321112817e-05,8.283292179948391e-05
ID_KSJZYW,7.187113508332794e-05,7.121214446452587e-05,0.9997776126346919,7.930408576024894e-05
ID_KSRKIN,0.9996882125693058,8.149547453303714e-05,0.00013968383194497259,9.060812421615978e-05
ID_KVGOQK,6.193547348667411e-05,7.073692971639086e-05,0.999788566178387,7.876141840993121e-05
ID_KVSAIV,6.270132443197785e-05,0.9997766769693197,7.934604124333859e-05,8.127566500505171e-05
ID_KVSMTQ,0.00024312910526212806,0.0004518761456244161,0.0003035227344323256,0.999001472014681
ID_KVZAOY,6.776779996099815e-05,7.964904925699964e-05,8.579369028174155e-05,0.9997667894605002
ID_KWBWRZ,0.9996124596494284,8.258796970716397e-05,0.00021311829383156334,9.183408703285353e-05
ID_KWOISI,0.0011180642923450093,0.9866870386424084,0.001616676557813107,0.010578220507433653
ID_KWQHIP,0.00021996584532175137,8.832167735000433e-05,0.999592743388036,9.896908929222617e-05
ID_KYHLUP,5.959502819967131e-05,0.9997874336336519,7.551516601058691e-05,7.745617213784361e-05
ID_KYILXT,0.998877177516492,0.00027890954091182784,0.0005338524546321144,0.0003100604879641083
ID_KYSBXX,7.078683868886742e-05,7.116196123553479e-05,0.9997788203654983,7.923083457737417e-05
ID_KZHWLL,6.004514842645811e-05,7.14454807221425e-05,7.601886352638976e-05,0.999792490507325
ID_KZTCIC,6.225034442192517e-05,0.9997781736007799,7.87776888133188e-05,8.079836598483041e-05
ID_LCBVPJ,6.542614440065398e-05,6.940827931698168e-05,9.610118250257168e-05,0.9997690643937799
ID_LCRGSC,6.440841163298399e-05,0.9997742575633831,7.970529361555365e-05,8.162873136833929e-05
ID_LDNFCA,0.9997061678403528,7.532053086398422e-05,0.00013472906158671488,8.378256719634818e-05
ID_LDNOVV,6.31241413317036e-05,7.772872543515009e-05,8.743442133385525e-05,0.9997717127118992
ID_LDRIRX,7.667130953421397e-05,7.209462689996128e-05,0.9997710246743728,8.020938919287948e-05
ID_LEYQFD,0.9996207616531474,9.840536998843922e-05,0.00017147658517105215,0.00010935639169311708
ID_LFCWWU,6.247914070589099e-05,0.9997774288743464,7.899350193681585e-05,8.109848301090414e-05
ID_LFXTMI,6.980051167140618e-05,0.9997535725902589,8.692430852527436e-05,8.970258954437914e-05
ID_LGFAYI,0.9995722478175655,0.0001076308269690214,0.00020051131912701957,0.00011961003633842789
ID_LGFEKR,6.790791275897001e-05,0.9997587065015631,8.458429342416293e-05,8.880129225385442e-05
ID_LGKDBX,0.9993320899497967,0.00012583863468499087,0.0004032089806536638,0.0001388624348647275
ID_LGZRGZ,6.396286275377997e-05,0.00016174165789059936,8.089771247114225e-05,0.9996933977668845
ID_LHOFOL,6.259770274173649e-05,0.999770342707498,7.943993366028931e-05,8.761965610006503e-05
ID_LINAMW,6.591144268589625e-05,7.017364219261042e-05,0.9997861569877101,7.775792741143913e-05
ID_LINCBY,0.00011384660714470439,0.000106269206089417,0.9996615650564661,0.0001183191302997359
ID_LIYLWT,6.850572867261099e-05,0.00017443032316847432,8.636644162393135e-05,0.9996706975065349
ID_LJQFWN,6.021497964573275e-05,7.009180890902702e-05,7.625671378531889e-05,0.99979343649766
ID_LKQWDV,0.0004109273097142656,0.00013964660095010134,0.9992947304054897,0.00015469568384604774
ID_LLPPYO,9.209892028214439e-05,0.00021768232278534678,0.00011671707951172584,0.9995735016774209
ID_LLVAJH,0.0001736768225690811,9.88138500462853e-05,0.999617144598769,0.0001103647286155849
ID_LMPJDC,5.9972917417847976e-05,6.975138697901603e-05,7.591853313855373e-05,0.9997943571624646
ID_LPMFGH,6.261618675749053e-05,0.9997765074598284,7.918600467220179e-05,8.169034874187274e-05
ID_LPZBKI,0.0006249444888786365,7.942338193286358e-05,0.9992069622702666,8.866985892189325e-05
ID_LPZTPI,0.9991420750609632,8.921410795705691e-05,0.0006695076532492937,9.920317783047198e-05
ID_LQGGAD,0.00013741672979944206,0.00010390420164486847,0.9996429935563453,0.00011568551221031742
ID_LRMWEM,6.164437161548942e-05,0.9997808795492293,7.80315750215475e-05,7.944450413356586e-05
ID_LRVSVW,6.169152159327518e-05,0.9997762931830746,7.806204223476291e-05,8.395325309741343e-05
ID_LRWCUV,8.427285534008635e-05,7.848645156945783e-05,0.9997498659961258,8.737469696458565e-05
ID_LTOUMX,6.002594008564623e-05,9.800489700860775e-05,7.602826306159705e-05,0.9997659408998442
ID_LUJSLH,6.240070471583086e-05,0.9997760716505835,7.866619853340786e-05,8.286144616720751e-05
ID_LUMPGJ,6.160299956381262e-05,0.9997805637569108,7.798502999755897e-05,7.984821352780294e-05
ID_LWLEZI,6.258004090502129e-05,0.999777221716812,7.908812351854866e-05,8.111011876454335e-05
ID_LYDHSX,0.9968219498854072,0.00025921575549245715,0.0026309359370613396,0.00028789842203901943
ID_LYLGTW,0.000241084263314141,0.9975802943931983,0.0003072466347988566,0.0018713747086887634
ID_LYOJXP,0.00011700339532881405,8.221920533164183e-05,0.9996968592167882,0.0001039181825512967
ID_LZAUTA,0.00011519176620790088,0.00013580432696493072,0.00014534047797935096,0.9996036634288478
ID_MBFMSB,6.248313297159788e-05,0.9997767677048671,7.91109468301002e-05,8.163821533122024e-05
ID_MBGIRZ,6.883799320572863e-05,7.107574829840347e-05,0.9997809464024431,7.913985605273948e-05
ID_MCMKMO,0.00024489496034350497,0.997476774369949,0.00031104202352656804,0.0019672886461809505
ID_MCXYEF,0.9996717329855032,8.656837573050898e-05,0.00014561957986716938,9.607905889915086e-05
ID_MDSGOA,6.191173178428567e-05,7.08472693543056e-05,0.9997883573223668,7.888367649467435e-05
ID_MDTLYS,6.3461755789259e-05,0.9997743445461668,7.896724455023995e-05,8.322645349378371e-05
ID_MFBQPQ,6.121027058633176e-05,0.9997805307048816,7.760963436206125e-05,8.064939017001891e-05
ID_MFNEMR,0.999663636299503,9.250261084556981e-05,0.00014095737959949193,0.00010290371005201873
ID_MFXZBJ,6.637552583674157e-05,6.988350722613679e-05,0.9997863011859226,7.743978101460468e-05
ID_MGCBZX,0.9995683442180836,0.0001198126825893022,0.00017885778520458612,0.00013298531412255846
ID_MGUVTI,6.104049700650833e-05,0.9997830769465472,7.733198024320354e-05,7.855057620311776e-05
ID_MHBSUK,6.390389762740466e-05,0.9997712026181942,8.087776640045783e-05,8.40157177779298e-05
ID_MIZQYO,7.060381337669252e-05,8.227804098705847e-05,8.934229396693231e-05,0.9997577758516694
ID_MJDAET,6.078108274946401e-05,0.9997860020701669,7.603998141453561e-05,7.71768656690725e-05
ID_MLTJOR,0.00016140637713410206,8.595521927120204e-05,0.9996574880254752,9.515037811952984e-05
ID_MMGILS,5.992507301730902e-05,9.103169456684674e-05,7.580782190650198e-05,0.9997732354105093
ID_MMPFYM,6.413444157332591e-05,0.9997503474142304,7.982831765438365e-05,0.00010568982654190753
ID_MNFBKJ,6.027125326935524e-05,9.333674650321925e-05,7.63102722373311e-05,0.9997700817279901
ID_MNFODC,6.240953096962739e-05,0.999777727444815,7.897080594241232e-05,8.089221827300931e-05
ID_MNKUZR,7.295363688932001e-05,0.9997377066706222,9.327576767332811e-05,9.606392481520658e-05
ID_MNOFUX,6.302486400794298e-05,0.9997778985980904,7.836715931192452e-05,8.070937858962634e-05
ID_MORRXV,6.148263828700443e-05,0.9997812317539354,7.781828330323555e-05,7.946732447440755e-05
ID_MOYCIS,0.00010864005646716897,7.870244514259193e-05,0.9997249762872797,8.768121111047744e-05
ID_MPKKUQ,6.0777298305806134e-05,7.266268767993577e-05,7.696601792176021e-05,0.9997895939960925
ID_MPRONQ,0.00014007008073802486,0.00015788645242176066,0.00017726469302340649,0.9995247787738168
ID_MRASAT,0.0005501388963763352,0.00016977645820837986,0.9990900796404961,0.00019000500491921885
ID_MREXLF,5.952249330893585e-05,0.9997757680720027,7.53298306034318e-05,8.937960408497201e-05
ID_MSKYZF,6.1009290458476096e-05,7.076610689096456e-05,0.9997894315548503,7.879304780020724e-05
ID_MSTDFL,7.558127631738056e-05,0.0001348005973983665,9.102174914317997e-05,0.9996985963771411
ID_MSTKSW,6.154116168558747e-05,0.9997816270356806,7.787966887425674e-05,7.895213375957465e-05
ID_MSXYUE,5.899973949771493e-05,8.573554202223344e-05,7.469842644460147e-05,0.9997805662920355
ID_MSZOIE,6.0008768250741254e-05,7.120949247878589e-05,7.594194891735811e-05,0.9997928397903532
ID_MUGCIL,5.99020565076051e-05,7.06608907062257e-05,7.584583562038962e-05,0.9997935912171658
ID_MUIUQL,6.641727537274609e-05,7.074433027748831e-05,0.9997840546389523,7.878375539756489e-05
ID_MUJNJW,0.00019715505404596092,0.00020797832502938917,0.00022418538760301737,0.9993706812333216
ID_MUKHHA,7.52958414235341e-05,7.249476672788667e-05,0.9997714935192468,8.071587260184265e-05
ID_MUOGLX,0.9351800474953942,0.001962312819983476,0.06069317375205349,0.0021644659325688437
ID_MXIYTV,6.01248714558993e-05,6.978286481688598e-05,7.614086617982627e-05,0.9997939513975473
ID_MXMLNF,6.304397312364654e-05,0.00013943718109216512,7.978305234805943e-05,0.9997177357934361
ID_MXOEXX,7.667867687127496e-05,0.00010165744084580706,9.681309383938171e-05,0.9997248507884435
ID_MZJILQ,0.9995310121365631,9.492145352694866e-05,0.0002685440853359094,0.00010552232457393046
ID_MZMTYP,5.802738212597381e-05,0.9997393501791,7.32004371686705e-05,0.00012942200160536265
ID_NAHDLQ,0.9996963077133675,8.032376918816898e-05,0.00013402098308877447,8.934753435554339e-05
ID_NAQYIP,0.0001285307115851205,0.9995273549792064,9.722495694528498e-05,0.00024688935226319157
ID_NBPVTP,7.261553958510881e-05,0.9997525012587833,8.749120951338127e-05,8.739199211820701e-05
ID_NCEMDY,0.00011691471520585499,0.00014851015714812343,0.00014616081201924505,0.9995884143156268
ID_NDSJDA,0.00017530708564616427,7.626045033404377e-05,0.9996635209956461,8.491146837368969e-05
ID_NFLKEF,0.0002007536126823202,0.0002501051817361117,0.00024936098040363725,0.9992997802251778
ID_NFNPRL,6.683530585723223e-05,0.9997631856580956,8.362838454534723e-05,8.635065150190926e-05
ID_NGRGOW,6.234217247163182e-05,0.9997741483574023,7.885941265970536e-05,8.465005746633856e-05
ID_NHJSDJ,0.00017172767904778108,0.00013173867845794204,0.999549920902997,0.00014661273949724205
ID_NHYWEN,0.000175208733542386,0.0009841691427044596,0.0002181244403085973,0.9986224976834446
ID_NJLZUJ,6.361839797348767e-05,0.9997743582678361,8.047770155284653e-05,8.15456326374887e-05
ID_NKRJRE,0.00019245617763827903,9.94050261199321e-05,0.999597440683478,0.00011069811276369982
ID_NLPICA,6.55254472790044e-05,7.07781018898001e-05,0.9997848937552809,7.880269555022897e-05
ID_NMGGYU,0.00015440202534186794,0.9961685568931807,0.00019684708222362282,0.0034801939992537756
ID_NMOUMD,5.993762885060591e-05,6.992081017511773e-05,7.585570207087328e-05,0.9997942858589034
ID_NMPTSC,6.221166946195357e-05,7.368209069130407e-05,7.801789693212399e-05,0.9997860883429146
ID_NMZZMM,0.00010713034674103107,0.000152028101826333,0.00013487958299352777,0.9996059619684391
ID_NNKBRS,0.9994348952125163,0.0001220870512357438,0.0003072859480885433,0.00013573178815948233
ID_NRSIYE,5.945532030654469e-05,0.00010959679817729268,7.523084980887324e-05,0.9997557170317073
ID_NSTSNW,6.355905212203982e-05,7.076935248207567e-05,0.9997868718781088,7.879971728711384e-05
ID_NTGAWG,0.00011634965539995308,9.526411603346894e-05,0.99967771907392,0.00011066715464661848
ID_NTHUOG,0.9986385910441363,0.00016320862864269842,0.0010169013160083722,0.00018129901121252453
ID_NTRKRJ,0.9781547794762264,0.0023925263081932646,0.01687721820295967,0.0025754760126205393
ID_NXBDAW,0.9942754058277982,0.00047435436053154995,0.004725054176909816,0.0005251856347605176
ID_NXWSMB,6.545849858975619e-05,6.956944023665015e-05,9.604168861622667e-05,0.9997689303725573
ID_NZBHZD,0.00021276487717481485,0.00025260395346126855,0.0002691152858324995,0.9992655158835314
ID_NZMCVC,6.15901193916815e-05,0.999761660551941,7.753329572653642e-05,9.921603294068854e-05
ID_OCJFSP,0.9961606278059125,0.000440319055804147,0.0029094763021296167,0.0004895768361538307
ID_ODOOCR,6.327631266313325e-05,0.999776709226651,7.854446071758302e-05,8.146999996829507e-05
ID_OGBSZV,0.00011623748011889139,0.9995631427467087,8.842300144110974e-05,0.0002321967717313193
ID_OGGKXA,7.873542232809448e-05,0.0001655050905635636,9.476831691092027e-05,0.9996609911701974
ID_OGWZDU,9.658944737690876e-05,0.9994453778200705,0.00011625977900430105,0.00034177295354840474
ID_OHNZBJ,6.220890485813488e-05,0.9997784656876894,7.870918696569154e-05,8.061622048684165e-05
ID_OIJPYH,6.330921842482207e-05,0.9997770336883484,7.884540622811516e-05,8.081168699875493e-05
ID_OJKWLR,0.00012151389810305624,0.00010282117816557107,0.9996609100093021,0.00011475491442920379
ID_OJQATT,7.525606197421755e-05,0.00036520045154258966,9.476206435082904e-05,0.9994647814221324
ID_OLFWUX,7.389343945899661e-05,7.273164192614488e-05,0.9997723873678427,8.098755077221275e-05
ID_OLWSVJ,6.692911422852366e-05,8.129021965770864e-05,8.469099139860064e-05,0.9997670896747152
ID_OMCGWZ,0.9987912626811625,0.00017649440281547894,0.0008360767620023403,0.000196166154019704
ID_OMVAKT,6.390992480385059e-05,7.094368663723462e-05,0.9997861535844763,7.899280408249622e-05
ID_ONFDRI,5.841614304435167e-05,8.673989734259031e-05,8.139854355985943e-05,0.9997734454160532
ID_OPIJCZ,6.016618275307992e-05,6.993207807807785e-05,7.619854586620139e-05,0.9997937031933026
ID_OPISVA,0.998882605683802,0.00013684655341268684,0.0008283098113029138,0.00015223795148237675
ID_ORCSSL,0.00012869990979720903,7.760222754339979e-05,0.9996924309222601,0.00010126694039924616
ID_ORFPYF,0.00011364055970315137,8.983638356131822e-05,0.9996964147842039,0.00010010827253161282
ID_ORIXUZ,0.00011656555490019764,0.999584039181282,0.00014741140774737201,0.00015198385607040137
ID_ORSALM,9.398883222793053e-05,7.912619575692181e-05,0.9997383092198567,8.857575215845488e-05
ID_OSGSTN,0.00011304317169083415,9.50575009391966e-05,0.9996859089083903,0.00010599041897971021
ID_OSWRUL,0.9995130501710766,9.110107635437625e-05,0.00029458624550473796,0.00010126250706440204
ID_OTAMKM,5.957865701116511e-05,7.09331577417587e-05,7.540022471070125e-05,0.9997940879605364
ID_OTIEVR,8.38571400087329e-05,7.560062781279414e-05,0.9997563773850611,8.416484711741719e-05
ID_OTMIGF,8.38294317186319e-05,7.285469728057168e-05,0.9997622181417103,8.109772929047306e-05
ID_OTMNRG,6.235428704318774e-05,0.9997778447409184,7.887457767551805e-05,8.092639436285378e-05
ID_OTVREC,0.996428386560059,0.0001743547779799904,0.0032038878864208004,0.0001933707755401756
ID_OUKSSJ,6.505464849520726e-05,0.9997691969474908,8.086488925683707e-05,8.48835147571777e-05
ID_OVOOFO,6.526851843250759e-05,7.109851842903161e-05,0.9997844680858922,7.916487724631436e-05
ID_OVVPGU,6.177676753810642e-05,0.00013207102476940069,7.799228266512081e-05,0.9997281599250274
ID_OWPRUX,7.237584871680807e-05,7.697769252126218e-05,0.9997649113260996,8.573513266226876e-05
ID_OWQVGA,6.50204618284917e-05,0.9997413179490571,8.229197930354283e-05,0.00011136960981086895
ID_OZGWSO,0.00011419564008290863,9.235274619485699e-05,0.9996907622870591,0.00010268932666317354
ID_PAIYWE,9.983584147713169e-05,7.543994475983211e-05,0.9997407246054224,8.399960834064394e-05
ID_PANQZY,0.9993750763579919,0.00014274501151513764,0.00032369536354897633,0.0001584832669440011
ID_PAOKRA,0.9996992913010132,8.974074831084973e-05,0.00011111845653809563,9.984949413785986e-05
ID_PBEPTC,8.716811032554307e-05,8.177602551129585e-05,0.9997397269355184,9.132892864473879e-05
ID_PBRNDT,6.323608789738433e-05,0.9997739935650588,8.004440122790715e-05,8.272594581596096e-05
ID_PBXKUS,6.71491187504185e-05,7.40951085042852e-05,9.657230709938514e-05,0.9997621834656459
ID_PBXXTP,9.682220122558409e-05,9.352348772606703e-05,0.9997050481150312,0.00010460619601721369
ID_PCHQSU,6.273024692900402e-05,0.999775118632563,7.93829722192599e-05,8.276814828883052e-05
ID_PDCTGC,6.908433167548455e-05,0.00012594049953847724,8.704969516197868e-05,0.999717925473624
ID_PDCVQE,0.0009049391821347915,0.00026563204909109303,0.9984417291745786,0.00038769959419548804
ID_PDGUOD,6.801439194136161e-05,8.871811655510433e-05,8.607970992171252e-05,0.9997571877815818
ID_PFCUWV,0.9993362549946438,0.00012862929994427474,0.00039201151907523803,0.00014310418633668126
ID_PGFAHM,6.21863705125748e-05,0.9997785514824016,7.86939966800995e-05,8.056815040570096e-05
ID_PGOFPW,0.9978766487502417,0.00020817890294060062,0.0016840922327838132,0.00023108011403380523
ID_PGWIWQ,6.823130174679257e-05,0.9997477986083553,0.0001003750784427915,8.359501145517503e-05
ID_PHXPOD,0.0005070722884888884,0.00020417191138041683,0.9990590679997594,0.0002296878003711914
ID_PIAMAG,0.9965502980756503,0.0001560832088723181,0.0031207340525666325,0.00017288466291069736
ID_PICJTF,6.34853410838778e-05,0.999774068284221,8.059200085833092e-05,8.185437383677754e-05
ID_PIJZTT,7.578749193826154e-05,0.0002694510611295274,9.01643826221616e-05,0.9995645970643101
ID_PKQRMJ,6.002330650398084e-05,6.981700362960253e-05,7.602214708751494e-05,0.9997941375427789
ID_PKYMQI,0.9995830544081069,0.00010723968589679377,0.00019034727791669923,0.00011935862807974784
ID_PLDVLB,6.246997169062468e-05,0.9997780806275948,7.876554510187765e-05,8.068385561271756e-05
ID_PLZYXW,0.9636093513519206,0.003492640878698415,0.02903711607422382,0.0038608916951572035
ID_PNFCKW,0.001946538078013567,0.00030575232649903127,0.997409218149022,0.00033849144646542963
ID_PPEGDJ,0.9996857322809409,8.504269083608876e-05,0.00013461366368371338,9.461136453926528e-05
ID_PPKBLF,6.403334500403598e-05,0.9997745011912134,8.001776380916089e-05,8.14476999733975e-05
ID_PPXPKV,6.789758110985569e-05,9.380768951277315e-05,8.606370262991153e-05,0.9997522310267475
ID_PRKEKM,0.9996348609247744,0.00010425604856725375,0.00014495156929257122,0.00011593145736580925
ID_PRLKYI,0.00012721717720484043,0.00010208163834172841,0.9996570630098482,0.00011363817460523236
ID_PRMQOT,0.996337992264422,0.0002537433610490795,0.0031272337956696553,0.00028103057885929105
ID_PROOUK,6.25279780679009e-05,0.9997772461370235,7.914413010368878e-05,8.108175480489527e-05
ID_PSQGYI,0.00018070829264452452,0.008529537966100634,0.0002506230010565776,0.9910391307401982
ID_PSWPIE,8.718693460672222e-05,0.9996943570410448,0.00010789361857997215,0.00011056240576855305
ID_PTBYNC,0.9991660512542483,0.00012197433743198488,0.0005763972303805624,0.000135577177939108
ID_PTTKUH,9.966151201232294e-05,7.795997224679668e-05,0.9997356022516175,8.677626412339557e-05
ID_PUHXOV,6.226324741094532e-05,0.9997782594112918,7.87889153214706e-05,8.068842597568404e-05
ID_PUMIOI,0.9989886500804849,0.00011917997415323658,0.0007604430602383031,0.00013172688512350962
ID_PVDPOY,6.221878041888313e-05,0.9997784224352944,7.872786051091192e-05,8.063092377590403e-05
ID_PVFOBG,8.800089302898867e-05,7.718804265849664e-05,0.9997488644745344,8.594658977805981e-05
ID_PVGLHK,6.219694303331623e-05,0.9997785101416168,7.869764991652105e-05,8.059526543339679e-05
ID_PVTQFI,5.801144988150729e-05,0.9997392131880263,7.318447698328067e-05,0.0001295908851089328
ID_PVVNGT,6.221854291648338e-05,0.9997784056935956,7.873495855063506e-05,8.064080493723319e-05
ID_PWBLRE,7.140848224332152e-05,7.010213085936539e-05,0.9997804472961913,7.804209070600484e-05
ID_PWDCFX,0.0019686520049754133,0.0001941465175748468,0.9976227707188038,0.0002144307586460301
ID_PWNDLE,6.587641795341468e-05,0.9997723100122987,8.035189337755994e-05,8.146167637029708e-05
ID_PWPECK,0.00029216775414349,8.381777278405702e-05,0.9995199861472075,0.00010402832586509225
ID_PXNHNU,6.237284685005662e-05,0.9997782395261833,7.873701743315197e-05,8.065060953357069e-05
ID_PXYGZV,0.01951309405076078,0.00029024581905454105,0.979782711497701,0.0004139486324837073
ID_PZGLVE,0.00026243311548888594,7.96666969738436e-05,0.9995494368927356,0.00010846329480165467
ID_QAGXOK,6.24921027888068e-05,0.9997775710523773,7.908134602260328e-05,8.085549881128824e-05
ID_QAYMJX,0.00042941246397848183,0.0002024930182571685,0.9991426751350542,0.0002254193827102244
ID_QBKVPR,9.130313119396211e-05,7.56686018567438e-05,0.999748685893549,8.434237340031468e-05
ID_QCDDTP,0.9990175630500016,0.0001838724610366658,0.0005951232054553487,0.00020344128350636637
ID_QEBWST,6.415847222924876e-05,0.9997745512555687,7.974511477765113e-05,8.154515742441514e-05
ID_QETYTO,5.995818790681456e-05,6.98935073950404e-05,7.59358999017042e-05,0.9997942124047965
ID_QHHFWC,5.921610473807573e-05,0.0001209659904336189,7.507126051835507e-05,0.99974474664431
ID_QJPPKT,6.50125685830331e-05,0.9997680505063442,8.257551796324814e-05,8.436140710956927e-05
ID_QKFDBL,6.460505742663899e-05,0.9997731719404923,8.069716159112904e-05,8.152584048986257e-05
ID_QKHPMH,6.056636651870598e-05,0.9997180511648848,7.645857632343841e-05,0.00014492389227297207
ID_QKNHCR,7.138408647690725e-05,7.079582778962244e-05,0.9997789934509776,7.882663475578715e-05
ID_QLLZQZ,6.0350071485529e-05,7.057641187492655e-05,7.629468730689573e-05,0.9997927788293326
ID_QLOFSU,6.022677490980451e-05,7.014708287424645e-05,7.627321143542333e-05,0.9997933529307805
ID_QNGYRG,0.9992941728907656,0.0001517730449050246,0.00038492214936108817,0.00016913191496831042
ID_QOCKYY,0.9795387777552254,0.0009111374802240751,0.01854441261136457,0.0010056721531859617
ID_QPQFUP,6.218253345529606e-05,0.9997785585742347,7.867229119596966e-05,8.058660111407211e-05
ID_QQBJRO,6.0256900517156666e-05,7.048153979846169e-05,7.631149493658027e-05,0.9997929500647478
ID_QRGJTL,0.9994069046647361,0.00010322126240282037,0.00037499152196676866,0.00011488255089437114
ID_QRHEXN,6.34298902524804e-05,0.9997735648419026,8.109979408519656e-05,8.190547375961559e-05
ID_QRZZWA,0.9996883936323042,8.008747603515741e-05,0.00014246951132239764,8.904938033825737e-05
ID_QSESQA,0.9996119259280064,0.00010378770205610548,0.0001689767889421587,0.00011530958099534926
ID_QSGSHH,0.9996468900012503,7.860756758141033e-05,0.00018709079857092434,8.741163259730663e-05
ID_QSVRON,0.9995972612061084,9.108471118221156e-05,0.00021065777179826297,0.00010099631091113113
ID_QTBPXG,0.00043792854976327974,0.0002471743721178694,0.999039748318711,0.0002751487594077805
ID_QTNNPA,9.396137490139178e-05,7.697596048370853e-05,0.9997433379177464,8.57247468685069e-05
ID_QTPUJG,6.0389987717571484e-05,0.9997396516133048,7.644884874061677e-05,0.00012350955023706687
ID_QTTMED,5.936035040919815e-05,6.974129100994666e-05,7.51946985410497e-05,0.9997957036600398
ID_QUMMZT,5.777387211686146e-05,0.9997936953830646,7.305019317333602e-05,7.548055164514764e-05
ID_QURHKE,6.24059658933154e-05,0.9997782304511093,7.868650110604457e-05,8.067708189137935e-05
ID_QVYSFM,0.0003246554939341814,0.00042187246410750726,0.00040833749970920527,0.9988451345422491
ID_QWHBRI,6.558301805385195e-05,7.210979821683621e-05,0.9997812553591026,8.105182462680416e-05
ID_QWQZCT,6.113753157953496e-05,0.9997824622568554,7.739961608883199e-05,7.900059547629234e-05
ID_QWVCLM,5.9492635500089285e-05,6.956635189655811e-05,7.53530879120792e-05,0.9997955879246913
ID_QXKVOW,0.00011276888104076902,8.123923389719737e-05,0.999715586381564,9.040550349796061e-05
ID_QXLQMR,6.218523971425721e-05,0.9997770220774339,7.870888208890942e-05,8.208380076286352e-05
ID_QXSOBJ,6.218638939960695e-05,0.9997672893083729,7.871032541520479e-05,9.181397681223982e-05
ID_QYBWII,7.295992210376532e-05,8.51554752597043e-05,9.025571255774794e-05,0.9997516288900788
ID_QZAJWB,6.366141354433415e-05,0.9997763356232737,7.784880652937228e-05,8.215415665256546e-05
ID_QZDQPX,0.9996906085931712,9.234896326500735e-05,0.00011429051872777672,0.00010275192483590001
ID_QZGPGU,5.9513136130336974e-05,0.9997236141234196,7.518172356364561e-05,0.00014169101688653383
ID_QZIMFY,7.455079884910771e-05,0.00010204033078182689,9.424585706840495e-05,0.9997291630133006
ID_RAWHIQ,5.946636445054244e-05,8.867367245523479e-05,7.472514297893411e-05,0.9997771348201153
ID_RBPJIE,0.999611585356939,9.764113207142387e-05,0.00018216237437585148,0.00010861113661377007
ID_RBRTQO,6.633126497988416e-05,0.9997667340739209,8.246187480262427e-05,8.44727862965611e-05
ID_RBVWUL,0.9994886032991983,0.00013777751446814252,0.00022097207933812477,0.000152647106995423
ID_RCJRPR,7.000802214457797e-05,9.228578483678364e-05,8.867320649530928e-05,0.9997490329865233
ID_RCRXQD,5.7973780577409996e-05,0.9997398661284076,7.313380766734746e-05,0.0001290262833475316
ID_RCUVRF,6.301615647671725e-05,0.9997755097608166,7.994911185235219e-05,8.152497085422273e-05
ID_RCYKMF,6.130668807483992e-05,0.9997816055412434,7.750490788030541e-05,7.958286280151303e-05
ID_RDHURE,0.6311929919341719,0.018789796792233252,0.3293491909332521,0.02066802034034286
ID_REMOGV,6.240910481296742e-05,0.0001372049924921616,7.913328496484982e-05,0.99972125261773
ID_REULJL,6.304015948105196e-05,0.9997762530638297,7.959256169631536e-05,8.111421499296573e-05
ID_REYPNJ,0.00010157499401844351,0.0001184890277712724,0.00012709353546796586,0.9996528424427422
ID_RFKKZX,6.162078105078234e-05,7.108290622824798e-05,0.9997881347680747,7.916154464621372e-05
ID_RGCNWA,0.9996955190001161,7.833692790471459e-05,0.0001389982314563745,8.714584052280063e-05
ID_RGJGFW,6.017492518198012e-05,7.044308629354812e-05,7.623371211946713e-05,0.9997931482764051
ID_RGTTHZ,0.9997352400612393,7.645612077969233e-05,0.00010325384265544895,8.504997532566873e-05
ID_RGWSWF,6.060576754733258e-05,0.00014417021417972959,7.669312118676141e-05,0.9997185308970862
ID_RHIKBI,6.220449452517e-05,7.103933828192722e-05,0.9997876609941038,7.90951730891448e-05
ID_RIAKBG,0.0001671942176017899,9.26268784610506e-05,0.9996370356942668,0.00010314320967044574
ID_RIKUDS,6.42705355014128e-05,0.9997739438992603,8.019946373449881e-05,8.158610150381546e-05
ID_RJKRIP,6.866670113285659e-05,0.00014852183757595362,8.325338200872225e-05,0.9996995580792825
ID_RKOHFR,6.661697778436899e-05,0.0010462225087524404,8.436463975113165e-05,0.9988027958737121
ID_RKQIFO,0.00017122834280249106,0.00010072026215939514,0.9996157977364962,0.00011225365854190093
ID_RLMZSH,6.254366744314493e-05,0.9997769553751997,7.914409599560776e-05,8.135686136145779e-05
ID_RMLFIJ,0.00011172884192765032,0.9996021766420745,8.509550101730124e-05,0.00020099901498049513
ID_RMTSMJ,0.00015692609528172104,0.00010857620520482917,0.9996136336041692,0.00012086409534414977
ID_RMWWZJ,6.258503804137674e-05,0.9997780844762041,7.871727710543597e-05,8.061320864911281e-05
ID_RNXHHA,6.302284902192933e-05,7.36474957718415e-05,7.977769239632383e-05,0.99978355196281
ID_ROCPLC,8.650189474404226e-05,0.0001315071743082035,0.00010912687238525281,0.9996728640585625
ID_ROIPLG,6.214104889585877e-05,7.072138687445262e-05,0.999788390773248,7.874679098179275e-05
ID_RPPEEI,0.0005108540239426464,0.011381057936798741,0.0009504729439239873,0.9871576150953346
ID_RRAGGS,6.074544009570607e-05,7.118272596505764e-05,7.683406578148748e-05,0.9997912377681577
ID_RRBFNL,0.0003208172261860755,0.0001343498575992181,0.9993952983929115,0.00014953452330315154
ID_RRGPYK,0.0002907022995213109,0.0006377011127195789,0.0003646487204666255,0.9987069478672924
ID_RRNXWU,0.0001387809309597533,0.9991546399859559,0.00016379506417177602,0.0005427840189125668
ID_RRPSJN,7.583202897008584e-05,0.00022751372261540993,9.587422348581622e-05,0.9996007800249287
ID_RSCGZV,0.0002603519950371002,0.9982289492274898,0.0003326510355321782,0.0011780477419409234
ID_RSOEDW,6.374821224752171e-05,0.9997757270653783,7.940054007451185e-05,8.112418229969779e-05
ID_RSUGXE,6.524671436674469e-05,7.107232247878048e-05,0.9997845454891812,7.913547397319475e-05
ID_RTTNZC,6.350799539465455e-05,0.9997768005628003,7.885272822763592e-05,8.083871357736366e-05
ID_RUCXQY,0.0001059333566009023,7.556155035296908e-05,0.9997346124579867,8.389263505936443e-05
ID_RUQJUY,5.9825319809052806e-05,0.00011815860465412549,7.549047831046835e-05,0.9997465255972263
ID_RUTEEA,0.0001597981552776744,8.158957018314412e-05,0.9996677745038324,9.083777070680592e-05
ID_RUVILG,6.094488187676663e-05,7.079967250940585e-05,0.9997894241356965,7.883130991734848e-05
ID_RVUZXG,0.9995487517601601,8.625690146615812e-05,0.00026903782170391023,9.59535166697473e-05
ID_RWIORE,6.568618890299015e-05,7.331054720391429e-05,0.9997793661127974,8.163715109572814e-05
ID_RWROAQ,6.241565051123493e-05,0.999777969692118,7.879001064538741e-05,8.082464672548127e-05
ID_RWUAEX,7.85332159401418e-05,0.00021946369103064778,9.522058736422854e-05,0.9996067825056649
ID_RWYITO,0.9996897840040714,8.867255955408711e-05,0.00012289801889075338,9.864541748377037e-05
ID_RXLXBE,6.032565852153407e-05,8.421003158810475e-05,7.63888800911172e-05,0.9997790754297993
ID_RYQIAU,6.021733415109114e-05,7.162156333294935e-05,7.623549765940304e-05,0.9997919256048565
ID_RYQIJC,6.40278551828588e-05,6.957022464099553e-05,0.9997892883847692,7.71135354069796e-05
ID_SAUEVY,0.00038436654086913217,0.00010811693857529746,0.9993866884953256,0.00012082802522985255
ID_SBEIYW,6.022653205739897e-05,7.18118607615775e-05,7.627125350882826e-05,0.9997916903536722
ID_SCGIJI,6.636493265919761e-05,7.114828480144273e-05,0.9997832690519382,7.921773060124501e-05
ID_SCHCGB,6.402424352493924e-05,0.9997718462802172,8.164166707368087e-05,8.248780918419765e-05
ID_SDLDMV,0.00010828369964521948,0.00015477630229456224,0.00013587329200306892,0.9996010667060571
ID_SDQRVB,0.0004833622336674805,0.00021096536799265783,0.9990654083446617,0.0002402640536780297
ID_SEZDZP,6.350979694682616e-05,6.933425696771056e-05,7.550801872168015e-05,0.9997916479273637
ID_SFBLCM,0.00010982727119023435,7.768262079519753e-05,0.9997259571804916,8.653292752296949e-05
ID_SFUMKA,6.35091892312374e-05,7.057973355218964e-05,0.9997873162643106,7.859481290605654e-05
ID_SFVMMH,0.0002344004587972967,0.00013389906026006366,0.9994826527186873,0.00014904776225535296
ID_SGNHCD,7.460944150786323e-05,7.094064106940242e-05,0.9997754608984479,7.898901897484662e-05
ID_SHDIID,6.304749843788311e-05,0.9997771647410107,7.830903160968217e-05,8.147872894166434e-05
ID_SHDKUX,6.52810157635963e-05,0.9997658621947186,8.297615735665367e-05,8.588063216109466e-05
ID_SHQXHO,0.00010287642571230306,7.083535627920782e-05,0.9997474140368736,7.887418113476159e-05
ID_SICHIC,0.0001049560135852053,0.9997258117590393,7.905105332551138e-05,9.018117404992279e-05
ID_SIFZMG,0.9991475454382328,0.00011195789741664226,0.0006162817990745641,0.00012421486527594114
ID_SJMQBD,0.00035453458937505613,0.0004340762094045553,0.0004304294328400139,0.9987809597683803
ID_SLMINA,6.179872705433826e-05,0.9997816412718882,7.746907936792642e-05,7.909092168951086e-05
ID_SLMYSY,6.718046648133857e-05,7.319790756461093e-05,9.338729998701069e-05,0.9997662343259671
ID_SLSSUE,0.998401374289308,0.00018546380993106752,0.0012076888695889986,0.000205473031171879
ID_SMBIHP,6.131612783074739e-05,0.9997804805436948,7.75103675166218e-05,8.069296095781608e-05
ID_SNITZY,6.326078873090719e-05,0.9997746477364132,8.013411492488675e-05,8.195735993094986e-05
ID_SNMASC,6.044526747194798e-05,0.9997213350572525,7.652609714996385e-05,0.0001416935781255992
ID_SOEIUE,0.0018828827765541968,0.0004515153438051855,0.9971601507851565,0.0005054510944840375
ID_SPALGS,6.878472477591017e-05,0.00011672221865305452,8.690533729065001e-05,0.9997275877192804
ID_SPXUQR,0.9996842901787764,9.080103328559359e-05,0.00012387605676305693,0.00010103273117493609
ID_SRRBVW,0.999630871635442,0.00010497633371785632,0.00014729711913739568,0.00011685491170282176
ID_STAGDU,6.289986897496301e-05,0.9997676528842677,7.95490511126531e-05,8.989819564465754e-05
ID_STTQTU,0.00025536595154405597,0.00016598955308068134,0.9993934578109311,0.00018518668444415532
ID_SUBIBF,6.647640270798089e-05,0.9997686726728585,8.21252743757909e-05,8.272565005766206e-05
ID_SUBJSJ,0.00014492867950511182,9.805636457688761e-05,0.9996478323115968,0.0001091826443211006
ID_SUTSJH,7.218651880399396e-05,0.9996926660033907,0.00014721880053730874,8.792867726807543e-05
ID_SVISXU,0.0003379639585240682,0.00019242405575484794,0.9992554194019824,0.0002141925837386972
ID_SXADNZ,0.0010291209777747075,0.00031714440567116484,0.998299948588012,0.00035378602854210415
ID_SXADYW,0.00014103214641776813,8.244262374959594e-05,0.9996838220769596,9.270315287296178e-05
ID_SXCZVK,6.330927767539677e-05,7.392303447422636e-05,8.016489681122755e-05,0.9997826027910391
ID_SXNPKC,6.681938436399538e-05,0.9997677650088296,8.232344648433764e-05,8.309216032215808e-05
ID_SZMORK,6.24088387889457e-05,0.9997780503598239,7.881764031310567e-05,8.072316107417013e-05
ID_SZOAOB,0.989751905355047,0.0006041593831391083,0.008974610746360665,0.0006693245154532797
ID_TAXEGB,0.00010456540747969118,7.80766831690215e-05,0.9997304034884729,8.695442087838837e-05
ID_TAXRNS,0.9990331384987666,0.00010822547261579826,0.0007383027696151011,0.00012033325900262715
ID_TBIUHC,6.331015795833433e-05,0.9997740756619541,8.104920862133438e-05,8.156497146627988e-05
ID_TBMOOG,6.12082922089731e-05,7.138531289479526e-05,7.750909938127089e-05,0.9997898972955149
ID_TDWDXA,6.409648612472196e-05,0.9997747575953034,7.966728185766576e-05,8.147863671424232e-05
ID_TEJVIO,0.0036728302154417527,0.0003263694196360726,0.9956518911656926,0.00034890919922953354
ID_TFMMKM,7.148605970734427e-05,9.71021533418672e-05,9.029736432837367e-05,0.9997411144226224
ID_TFOYNB,6.772525042025766e-05,7.119788756848918e-05,0.9997818043715061,7.927249050514085e-05
ID_THGEGJ,0.9987444743005621,0.0001767619236937216,0.0008825280735353774,0.0001962357022086883
ID_THXTJN,5.942651664158524e-05,6.898759829822183e-05,7.526188065985131e-05,0.9997963240044003
ID_TIKKOC,0.9996050346332249,0.00010906034975453931,0.0001645731848618498,0.00012133183215871378
ID_TIVDWG,6.742715855421863e-05,0.0006055559404924606,8.538328756707431e-05,0.9992416336133862
ID_TJNQXM,0.00011676862307366584,8.580808310184953e-05,0.9997019350113038,9.54882825207419e-05
ID_TKNLZJ,0.00030583274656110327,0.00010541299034809112,0.9994714216245411,0.0001173326385496866
ID_TMGNTU,6.348030739710661e-05,7.429037675459102e-05,8.035652166638458e-05,0.999781872794182
ID_TMLHZP,0.9981059183119406,0.00015901791449459774,0.0015584604321313591,0.00017660334143340388
ID_TMSZTO,0.9980207468291966,0.0004959821520249222,0.0009355940870781951,0.0005476769317001722
ID_TNDXKP,0.00010897908797662471,8.95877881539175e-05,0.9996953742069332,0.00010605891693627117
ID_TNTYMU,0.0036255418321085426,0.00046782136152067857,0.9953886059671372,0.0005180308392335988
ID_TQWIDM,6.282572796519108e-05,0.9997763525673752,7.986286913666025e-05,8.095883552299894e-05
ID_TRMAWK,0.9987897071169728,0.0001169671148367437,0.000963234978675896,0.00013009078951465978
ID_TRZMLZ,0.000213986522471454,0.00013451877155602017,0.9995017891581746,0.00014970554779790063
ID_TSSLAD,0.9988361641049296,0.00021900481265830642,0.0007024355549283821,0.00024239552748374054
ID_TTFIOX,6.211969979207117e-05,0.9997788320418302,7.856487823781594e-05,8.048338013993504e-05
ID_TTRXDO,0.9995932208369591,9.985472093831524e-05,0.00019586469182311626,0.00011105975027942252
ID_TTRXNQ,6.255262578081598e-05,0.999776574493731,7.917331112372919e-05,8.169956936448464e-05
ID_TUTHLI,6.0000022461864164e-05,7.095896529641974e-05,7.578672987543657e-05,0.9997932542823663
ID_TVDXTF,6.019304569946059e-05,7.093927209618976e-05,7.623968534849238e-05,0.9997926279968559
ID_TVVOGT,0.9994580391032115,0.0001077890348123108,0.00031448858582984636,0.00011968327614633534
ID_TWFOOH,0.9993459657485536,0.00016586855253052533,0.0003034526920132982,0.0001847130069024945
ID_TWHCGX,0.9996159127016463,8.773304658285665e-05,0.00019874930804624855,9.760494372466474e-05
ID_TWVGUH,6.0204851225610013e-05,7.025120748866837e-05,7.627283892208189e-05,0.9997932711023637
ID_TXPIAA,0.00032240086695132456,0.9977867194427884,0.0003860802756699876,0.0015047994145902363
ID_TZTWZL,0.9995416816880845,0.00010983078958907305,0.000226412312581066,0.0001220752097452767
ID_TZWFLT,6.395577381146183e-05,0.9997759627138857,7.907687959534289e-05,8.100463270740512e-05
ID_UABYGB,0.00016470006061545907,0.00013186528047714926,0.9995566366629447,0.0001467979959626327
ID_UARLKT,6.025360052317288e-05,6.984354003299439e-05,7.626813316707717e-05,0.9997936347262767
ID_UAVUGI,6.082989956216331e-05,0.00014774272641748042,7.697155030101197e-05,0.9997144558237193
ID_UAZQTA,6.383505801992068e-05,7.092553156514961e-05,0.999786268193873,7.897121654193511e-05
ID_UBEWPC,9.184200962985372e-05,7.463394041237428e-05,0.9997504266032959,8.3097446661894e-05
ID_UBLPMY,6.387830516924256e-05,0.9997720210274345,8.115916757158124e-05,8.294149982471347e-05
ID_UBTHLE,8.822742291133728e-05,0.00014310534315495801,0.00011156564207923118,0.9996571015918545
ID_UBVZZX,0.9992084966849776,0.0001282175841605963,0.0005207755342490703,0.00014251019661279488
ID_UDICHC,6.02310047283708e-05,7.085525944745751e-05,7.627720903090207e-05,0.9997926365267933
ID_UFBZOV,6.581785030246376e-05,0.9997719219118966,8.072038283414568e-05,8.153985496676143e-05
ID_UFGHMX,8.724682099867867e-05,0.00011033752766008751,0.00010919990875394134,0.9996932157425873
ID_UGFAUT,6.015389784028029e-05,7.173739371106286e-05,7.599709082188255e-05,0.9997921116176268
ID_UGKPXK,6.026581926657407e-05,7.077632539563626e-05,7.632089418339982e-05,0.9997926369611544
ID_UHCXKF,6.290283814358398e-05,0.999752037298547,7.963172805842093e-05,0.00010542813525100912
ID_UHJIFJ,0.999633229572407,8.995807009458402e-05,0.00017662307585453513,0.00010018928164390484
ID_UIFJLE,6.860116687387505e-05,7.047278499818993e-05,0.9997824664140252,7.845963410269884e-05
ID_UIJZCT,0.9882658785493267,0.0005710484883362546,0.010530565739808942,0.0006325072225280705
ID_UJNKSW,6.0152795565808486e-05,7.048064773995593e-05,7.617458173049049e-05,0.9997931919749637
ID_UJTQRO,6.234604523483511e-05,0.9997779067279124,7.891560313426803e-05,8.083162371834889e-05
ID_UJWTRH,7.023797418277848e-05,0.00010417820381342174,8.846674071303473e-05,0.9997371170812908
ID_ULYCLD,0.00025214618265650735,0.0006970817412035602,0.00034188033551417506,0.9987088917406257
ID_ULZRVC,6.245050560855706e-05,0.00017766826905492896,7.882790732885522e-05,0.9996810533180077
ID_UMYAFU,6.015505825259491e-05,7.240413243389148e-05,7.617372304767198e-05,0.9997912670862659
ID_UMZXKJ,9.007874099042127e-05,7.470986496639519e-05,0.9997520229188188,8.318847522426274e-05
ID_UOIPKJ,6.322764432491074e-05,7.508707506943889e-05,8.002717721859548e-05,0.999781658103387
ID_UOOAPA,0.9990522266521622,0.00011786021802537854,0.0006991244122973283,0.0001307887175151296
ID_UOSZZU,9.020537941500006e-05,7.656930017061225e-05,0.9997479530350288,8.527228538550115e-05
ID_UPIUVM,6.236038367396659e-05,0.999778539767926,7.868738902941033e-05,8.041245937061861e-05
ID_URHMNJ,0.9976920825538848,0.00022311271918638555,0.0018374586766899594,0.00024734605023898123
ID_URMZQG,9.750820696147892e-05,0.9995577888469913,0.00012342538738325279,0.0002212775586640435
ID_URPUJI,6.435320538489126e-05,6.947585966282311e-05,9.415253435134026e-05,0.999772018400601
ID_UTASYL,0.9993895494828371,0.00012158793009478666,0.00035368916172971596,0.0001351734253384595
ID_UUMDMC,6.375405006285157e-05,0.9997725251210261,8.053063896578695e-05,8.319018994525569e-05
ID_UVEWHH,0.0002231449210831879,0.00010282709522920798,0.9995597520794978,0.00011427590418987658
ID_UVZRRF,0.9991849974300459,9.306484565085888e-05,0.000618599931810679,0.00010333779249268953
ID_UWBLYI,5.87700435084925e-05,0.999757541943542,7.403170330391959e-05,0.00010965630964547054
ID_UWFKLU,0.00017264395691041378,0.0002990789230022397,0.0002641004118821792,0.9992641767082051
ID_UXNIQI,0.00015833001891329282,0.00010381094130560621,0.9996222955579086,0.0001155634818724637
ID_UYOVRS,6.343704631361962e-05,0.9997711610495981,8.022294184385613e-05,8.517896224454727e-05
ID_UYRVKP,8.522273554774194e-05,0.00012360636029690847,0.00011237365934609137,0.9996787972448092
ID_UZCADS,0.00010089269463095505,0.00010166946354359082,0.9996842671491007,0.00011317069272465493
ID_UZDQMH,0.9988215343655967,0.00017847944844483294,0.0008018982946318646,0.00019808789132653255
ID_VAESYJ,5.9803533727820955e-05,6.942860490519916e-05,7.571641139955746e-05,0.9997950514499675
ID_VAYSCY,0.0002735354328098237,0.0020295594586746558,0.00040771924906883914,0.9972891858594467
ID_VBVWJD,0.9993315540733945,0.00013754502046379674,0.0003780512229249046,0.0001528496832168013
ID_VCUOUA,0.9995386202628607,0.00011137976493994117,0.00022618290398959752,0.00012381706820989175
ID_VEGQTZ,0.9993314919558438,0.00013857046724198644,0.0003759626985280621,0.00015397487838605421
ID_VEULTD,0.00011687227538744636,7.883961492580164e-05,0.9997173983701012,8.688973958559496e-05
ID_VFAACQ,6.211007683454829e-05,7.100731166574736e-05,0.9997878182721427,7.906433935701654e-05
ID_VFJROL,0.9996313495046909,9.998441201229895e-05,0.00015738075013967335,0.00011128533315707109
ID_VFYRUF,6.880422767263453e-05,0.9997583304686833,8.568744360783796e-05,8.717786003619642e-05
ID_VHSOVP,5.74818853968209e-05,9.282707763665113e-05,7.276873449670356e-05,0.9997769223024698
ID_VHVEKC,0.9981272709705109,0.00013093245553221378,0.0015964373975592924,0.00014535917639768066
ID_VIFMCA,0.9994369565601928,0.00010022845828782318,0.00035143019429996014,0.00011138478721928585
ID_VIFPQA,6.23005720049258e-05,0.9997782395190091,7.877298058752445e-05,8.068692839846521e-05
ID_VIJQDQ,6.412337518960902e-05,0.9997758720489982,7.904439600469823e-05,8.096017980735225e-05
ID_VIVXIR,6.600659521841438e-05,7.126511787621548e-05,0.9997833761420079,7.935214489758782e-05
ID_VLJTAB,0.9993383659371087,0.00010372187122479574,0.00044258238369139095,0.00011532980797521329
ID_VLTTHY,6.785613900044586e-05,0.9997613569845417,8.441697382235008e-05,8.636990263548193e-05
ID_VMCDLK,6.324960072997826e-05,0.9997772546266309,7.879394688715214e-05,8.070182575193748e-05
ID_VMJTGH,7.20631482909364e-05,7.165939815724921e-05,0.999776482600008,7.979485354377658e-05
ID_VMZNWI,6.147226419906465e-05,0.9997813687585588,7.778477751559898e-05,7.937419972638487e-05
ID_VOHMHD,0.9976603388881178,0.00025235811915895625,0.0018078356935893013,0.0002794672991339707
ID_VOMBSI,6.024503892546107e-05,7.029657691095387e-05,7.63016253896658e-05,0.9997931567587739
ID_VPNYMF,8.49454504392266e-05,7.377740775274144e-05,0.9997586642303284,8.261291147955755e-05
ID_VQAROW,0.9991198523232466,0.00013575002613792995,0.000593640461347146,0.00015075718926832704
ID_VRFSBR,6.249200399827534e-05,0.9997780122000707,7.878617576790379e-05,8.070962016319549e-05
ID_VRIWON,6.240083480628736e-05,0.9997782131845907,7.877114668889569e-05,8.061483391421454e-05
ID_VRTYHC,6.018559628948319e-05,7.013584438406835e-05,7.622961477132534e-05,0.9997934489445551
ID_VSEPYP,6.117564411236186e-05,7.096685409013846e-05,7.746129591234134e-05,0.9997903962058852
ID_VUFSVO,5.9635535757551375e-05,6.955741462025215e-05,7.543621317008835e-05,0.9997953708364521
ID_VVEYSN,6.576101246038424e-05,7.10127850059989e-05,0.9997841568219166,7.906938061693788e-05
ID_VWQBGB,0.00010318936723600593,8.532034216739089e-05,0.9997165065694378,9.498372115884012e-05
ID_VWSOLR,0.00023421930699283572,9.656021196528274e-05,0.9995295000279703,0.00013972045307161646
ID_WACWNE,8.076934957508493e-05,0.00012898227347587696,0.00010356258551236385,0.9996866857914367
ID_WAZIVO,6.337696071448432e-05,0.999777339371017,7.869353914557538e-05,8.059012912282243e-05
ID_WBMCVM,8.313006200614768e-05,7.685320605573628e-05,0.9997544254974647,8.55912344733977e-05
ID_WBMMPZ,0.9990426511034168,0.00013588172106344555,0.0006708456527958327,0.00015062152272385168
ID_WCKSIF,6.43518555615146e-05,7.084827943231036e-05,0.9997858969335892,7.890293141691064e-05
ID_WCZJPK,5.969315907677557e-05,0.00011439215935854521,7.537451133715091e-05,0.9997505401702275
ID_WECZXK,0.0003065206077623622,0.00029533883389322327,0.0003197796372315557,0.9990783609211129
ID_WEKMZT,0.9032139531763751,0.0007260607628396966,0.0952566760301541,0.0008033100306311723
ID_WERGBL,6.393265824128727e-05,7.003737655387445e-05,0.9997880151900257,7.801477517913655e-05
ID_WFEQIT,6.221959715057119e-05,0.9997784720081253,7.873155300874733e-05,8.057684171537066e-05
ID_WFFAQL,0.9996628417217459,8.972947818951917e-05,0.00014764720963524877,9.978159042937397e-05
ID_WFREVI,6.023618684423303e-05,7.013672994255179e-05,7.628386156588599e-05,0.9997933432216473
ID_WGEOSC,6.025781333035479e-05,7.016780466276197e-05,7.63118419973131e-05,0.9997932625400096
ID_WHIUUU,0.9995474538647602,9.772094572990416e-05,0.0002460702267429436,0.00010875496276701579
ID_WHNZHM,6.276223020429065e-05,0.9997756984495211,7.942467413670673e-05,8.211464613787589e-05
ID_WIGQLP,6.222728100327046e-05,0.999778385694887,7.874279391151346e-05,8.064423019817615e-05
ID_WITXOA,6.260264371531393e-05,0.9997705194676496,7.94779980060243e-05,8.739989062911682e-05
ID_WIUMTC,0.9997266692535973,8.162126952377588e-05,0.00010094108970803457,9.076838717089991e-05
ID_WJYUAL,6.280807666458669e-05,0.9997756237769637,7.928204210422292e-05,8.228610426752944e-05
ID_WKPTIB,6.217984973184981e-05,7.079106594876416e-05,0.999788207069865,7.882201445438293e-05
ID_WKYNLU,7.128758006085437e-05,7.161655224904069e-05,0.9997773479633109,7.974790437914391e-05
ID_WLADEH,9.984164679958042e-05,7.688097910311348e-05,0.9997378933944909,8.538397960638104e-05
ID_WLAYJI,6.273068520961004e-05,0.0001349839243149932,7.94980106787545e-05,0.9997227873797967
ID_WLNQUD,9.407395139421744e-05,8.514935084560153e-05,0.9997259982082087,9.477848955155444e-05
ID_WLOGEG,0.9997035333168495,7.83006773336663e-05,0.00013106904955019103,8.709695626683356e-05
ID_WLRZRX,6.367200825989235e-05,0.9997790854240248,7.737715196428717e-05,7.98654157509197e-05
ID_WMWSQL,5.828097296006848e-05,9.023197348855479e-05,7.347703658086398e-05,0.9997780100169705
ID_WNGDEB,0.9997009640402346,7.885845694978579e-05,0.00013249105821473988,8.76864446009466e-05
ID_WNJPFT,0.998679488693439,0.00018190455932416789,0.0009363956871553254,0.00020221106008157087
ID_WNMRRC,0.0001026039299107702,8.608047799334441e-05,0.999715526474897,9.57891171988634e-05
ID_WOZQOQ,0.9996001243728871,9.519120307759346e-05,0.0001991436837936336,0.00010554074024163093
ID_WPGKPU,6.281423159913426e-05,0.9997801193610656,7.67613715174069e-05,8.030503581800031e-05
ID_WSIIFG,8.157153217146995e-05,0.00015938040097385737,0.00010181036777700226,0.9996572376990777
ID_WSMTLV,6.217541373554792e-05,0.9997785202783511,7.867561919245367e-05,8.062868872080241e-05
ID_WSWMZK,0.00014282100608370928,0.0002066235300425405,0.00018071961525467788,0.9994698358486191
ID_WTJDCG,6.243613496592939e-05,0.9997781908363027,7.873328794897122e-05,8.06397407824785e-05
ID_WTODMY,8.678954033777353e-05,0.999690905879715,0.00010986552865931354,0.00011243905128799676
ID_WTYLTM,6.198487195912788e-05,7.071216865419223e-05,0.9997885678259791,7.873513340753563e-05
ID_WUGFVI,6.382507056611188e-05,0.9997723245369596,8.084086358281534e-05,8.300952889141842e-05
ID_WUSJAO,6.710979236886801e-05,0.0007946705884897036,8.480402228177875e-05,0.9990534155968597
ID_WWPMSP,6.479559879383401e-05,0.9997701442994871,8.34048304040889e-05,8.16552713149632e-05
ID_WWVJZB,5.777267562879188e-05,6.716610104605954e-05,7.312714384576219e-05,0.9998019340794794
ID_WXZKFS,0.9996620436715128,9.268652133701452e-05,0.00014218247437506609,0.000103087332775259
ID_WYUYMY,6.351946850922818e-05,0.9997749672465213,7.987549322958432e-05,8.163779174000619e-05
ID_WYXUVZ,0.999682098677088,8.71282004312923e-05,0.0001339542360613387,9.681888641939545e-05
ID_WZCZVF,0.0003186201179903076,0.0026289635470214605,0.0003547898231283549,0.9966976265118599
ID_XAJLRM,6.583752374264267e-05,0.9997601923404483,9.22497824260135e-05,8.17203533829251e-05
ID_XAYTFP,0.09057453068415632,0.0010236227796385107,0.9069476445864986,0.0014542019497066094
ID_XAZALC,0.00016036950193910825,0.00024773470075233365,0.00028836935957820344,0.9993035264377303
ID_XBBAGH,6.094753602492651e-05,7.072989178776944e-05,0.9997895705707307,7.875200145668794e-05
ID_XBLBFN,8.348290121216014e-05,0.0008678131382761913,0.00010580481299119374,0.9989428991475204
ID_XBWYVZ,7.339100726036516e-05,7.229847086740067e-05,0.99977381056434,8.049995753222155e-05
ID_XCLVYX,5.97514814055515e-05,0.9997783850916833,7.543238087459143e-05,8.643104603668714e-05
ID_XDCBML,7.632981072431682e-05,7.558653731990983e-05,0.9997638699791448,8.421367281096353e-05
ID_XDFTZZ,6.003547224437236e-05,7.64667935738403e-05,7.603233518003544e-05,0.9997874653990018
ID_XDMVMM,6.392661842841292e-05,0.9997736154120598,8.165309929053218e-05,8.080487022130316e-05
ID_XEVQHX,6.0298567043427815e-05,7.079191220034126e-05,7.646736061509564e-05,0.9997924421601412
ID_XFSLFU,0.995808067512004,0.00035011317911440044,0.003454147406508758,0.00038767190237281457
ID_XFWNKY,0.002032579937524615,0.00024723070644803145,0.997452178614346,0.00026801074168128594
ID_XGBUNW,6.820158387899318e-05,7.009139855775321e-05,0.9997840251664578,7.76818511055074e-05
ID_XGFKEN,0.0003036241373415024,8.438628116008557e-05,0.9995180344134967,9.395516800173116e-05
ID_XGJMZC,6.041964689589185e-05,7.05187518343064e-05,7.651398763175164e-05,0.9997925476136381
ID_XGOABT,0.9996803411032602,7.967374839247058e-05,0.00015139461981903088,8.859052852830774e-05
ID_XHBQPF,0.9962241696894298,0.00018058259582928976,0.0033946796262707825,0.00020056808847010774
ID_XHTZCI,6.352700221897903e-05,0.9997746185284776,7.900728432702653e-05,8.284718497625881e-05
ID_XIEMWG,0.00010469098090214178,7.500142687054776e-05,0.9997367915590516,8.351603317563329e-05
ID_XIIOWV,6.264079721076307e-05,0.9997779897299718,7.861800053793921e-05,8.075147227953643e-05
ID_XJRBMI,0.9993084764868451,9.86419570686167e-05,0.0004831627761471851,0.00010971877993901415
ID_XJYLRF,6.276758454679614e-05,0.999775225082344,7.930884179726524e-05,8.269849131207226e-05
ID_XLDPZS,0.998754472569998,0.00021814518046411446,0.0007823042009523166,0.0002450780485856219
ID_XLDVCN,5.999237239469304e-05,6.988161778208968e-05,7.597211697906257e-05,0.9997941538928442
ID_XLUWLV,6.025333420228446e-05,7.015018979369222e-05,7.63040786418202e-05,0.9997932923973621
ID_XNGQBZ,0.9988379004210862,0.0001411129760937893,0.000864205150141593,0.00015678145267827224
ID_XOQVRA,0.00010453238436152246,0.9994711011397599,0.00013979395903388064,0.0002845725168445737
ID_XPHJMZ,6.206524976906612e-05,0.9997770604457071,7.844715117901626e-05,8.242715334482755e-05
ID_XREJEU,6.0395328423908214e-05,8.034638878542331e-05,7.659205868209295e-05,0.9997826662241086
ID_XRZHAV,0.00010565934435943203,7.710530950053937e-05,0.9997308588907444,8.637645539558017e-05
ID_XSCGKH,6.329107195915882e-05,0.9997783862758511,7.855685867270371e-05,7.976579351698058e-05
ID_XSITII,0.9986268317704774,0.00013431740672772624,0.0010894686259788938,0.00014938219681611702
ID_XTJPEO,0.00039264573704396395,0.998605364059841,0.0004944917273975783,0.0005074984757175127
ID_XUBQXT,0.9994674263067849,0.00011701957288741188,0.00028542568853070295,0.00013012843179692864
ID_XUKBYU,6.0002461351447706e-05,0.9997273520425464,7.558458107554025e-05,0.00013706091502659065
ID_XVKNSD,6.731036691612547e-05,0.0001050427161153688,8.526483583738642e-05,0.9997423820811312
ID_XVQFWW,0.9984558325775993,0.000254440217692669,0.0010071630984916924,0.00028256410621638694
ID_XVUIVT,0.00013930856495314708,7.492628301094513e-05,0.9997023388658615,8.342628617439829e-05
ID_XXEXGF,6.22098474663339e-05,7.100280979828733e-05,0.9997876818917828,7.910545095254233e-05
ID_XXPAOD,5.983799546812816e-05,6.937485628470071e-05,7.577619773267809e-05,0.9997950109505145
ID_XXVUFS,0.9954954343006929,0.00017044351787454055,0.004144783844662942,0.00018933833676966616
ID_XXYDBQ,6.267963191056756e-05,0.999776273987635,8.016688933258374e-05,8.087949112179922e-05
ID_XYJZIJ,7.029647994670012e-05,0.9997577542153706,8.545676805834822e-05,8.649253662433892e-05
ID_XYVFYX,8.722206227695624e-05,0.00011076568933796997,0.00011031195119598639,0.9996917002971891
ID_XYZFLF,6.472890874765633e-05,7.09716364967404e-05,0.9997857492138528,7.85502409028355e-05
ID_XZBUJB,6.547282041117088e-05,0.9997716360784114,8.11160764493838e-05,8.1775024727966e-05
ID_XZGAZR,8.404103234593667e-05,8.897338801187325e-05,0.9997277935725465,9.919200709574806e-05
ID_YAUMQG,0.9995675557933935,0.00011368024689864379,0.0001923597559736499,0.00012640420373424672
ID_YAUXJL,7.162792315819393e-05,0.9997348571650332,9.665161873271253e-05,9.686329307593961e-05
ID_YBEXJU,7.445422535525134e-05,7.09623113296319e-05,0.9997755617921561,7.902167115903494e-05
ID_YBNOYC,6.508847650513431e-05,0.9997730908132836,8.027417226596572e-05,8.154653794532428e-05
ID_YDZRTT,0.00014955650034315204,0.00017599759852233253,0.00018810208690369352,0.9994863438142308
ID_YENVJG,5.977614103589905e-05,7.117046784925151e-05,7.571026501174282e-05,0.9997933431261031
ID_YFCWKA,0.9996400965886608,9.354185739424229e-05,0.0001623665215428737,0.00010399503240205985
ID_YGISHC,0.0006237710764605603,0.00017954445243269234,0.9989961850693239,0.00020049940178284563
ID_YIPVQW,6.0216386312917915e-05,7.018375707242763e-05,7.625854224499146e-05,0.9997933413143696
ID_YJTPWN,6.516954995301013e-05,7.086741985948293e-05,0.9997850460972846,7.891693290296281e-05
ID_YKYPOY,6.309927030168968e-05,0.9997791249089579,7.69608045173942e-05,8.081501622292515e-05
ID_YMJDMN,0.9982591335060632,0.00014969387829181485,0.0014248521505747032,0.00016632046507028848
ID_YMUIJN,0.9996091935861993,8.879219677409405e-05,0.00020365577475149298,9.835844227521521e-05
ID_YMVRHW,0.989717270457513,0.00029094678083651273,0.009670290673445022,0.0003214920882054768
ID_YNVASN,9.408093868477719e-05,7.597512833416525e-05,0.9997453505086348,8.459342434634458e-05
ID_YNYVDX,6.272987220742335e-05,7.1442001813645e-05,0.999786279058652,7.954906732689759e-05
ID_YOFONJ,6.011138619253944e-05,7.027872637401326e-05,7.611998937638935e-05,0.999793489898057
ID_YOZYCT,6.188990773347205e-05,0.9997787255241591,7.841508274761413e-05,8.096948535964073e-05
ID_YPEUWH,6.635002013039388e-05,7.287963315845238e-05,0.9997787704959268,8.199985078444636e-05
ID_YQOIHQ,6.419551738164651e-05,0.9997741926680213,8.01078251186755e-05,8.150398947848646e-05
ID_YRGNQU,0.0008190223801262425,0.0212112359120977,0.0012222740625684044,0.9767474676452076
ID_YSKBBI,6.589122166728886e-05,7.724947155799756e-05,8.340323290275793e-05,0.9997734560738719
ID_YTKUUL,6.194289092339755e-05,7.073924557261965e-05,0.9997885574700678,7.876039343620156e-05
ID_YTOJQQ,6.297333845545958e-05,0.9997813900940775,7.697472090337623e-05,7.866184656365292e-05
ID_YUEGJH,9.407607865472177e-05,7.556806129295333e-05,0.9997461431960977,8.421266395457967e-05
ID_YUXJAI,0.9995944911348226,0.00010067743164673963,0.00019338127412432,0.00011145015940648473
ID_YVMIEX,9.929214986447215e-05,0.0002899841337434686,0.00012469941720040934,0.9994860242991916
ID_YWABZN,6.367840691135979e-05,7.248140379587217e-05,0.9997830314310708,8.080875822193332e-05
ID_YWBMIU,0.00013938104964500604,0.00018141042315114483,0.00017750484093353997,0.9995017036862702
ID_YXBJNZ,6.48421022328122e-05,7.073774739877894e-05,0.9997856574564817,7.876269388674505e-05
ID_YXVKZR,6.420613430546547e-05,7.074504379754169e-05,0.9997862789443536,7.87698775434158e-05
ID_YXWOUQ,6.273885278141259e-05,0.9997754072764908,7.938827664830021e-05,8.246559407954655e-05
ID_YXYPNE,6.180374198926384e-05,0.9997799264897932,7.820693820969552e-05,8.006283000785289e-05
ID_YYKHQJ,6.016926558519853e-05,6.999688959642499e-05,7.619743279868337e-05,0.9997936364120197
ID_YYKIRN,6.0751944355553766e-05,0.9997803109914106,7.683958287019223e-05,8.209748136371894e-05
ID_YYOCYN,0.014468074132421007,0.0004995607006494568,0.9844762093816665,0.0005561557852630656
ID_YZJCKD,0.9997249859568651,7.644489113330356e-05,0.00011354990618391681,8.501924581767036e-05
ID_YZUYOS,0.9995561896973414,9.063842591501096e-05,0.00025245861310071527,0.00010071326364290493
ID_ZAFLWS,5.805892043292171e-05,6.766511733210311e-05,7.100982955124752e-05,0.9998032661326837
ID_ZANNAE,0.00015421661395953188,8.265179478468096e-05,0.9996711049786331,9.202661262268696e-05
ID_ZBAENY,0.9995848302631495,9.900028023309028e-05,0.00020600308994273502,0.00011016636667476802
ID_ZCEXAD,0.00016138391254141065,0.00018225310627883863,0.000196802425575347,0.9994595605556044
ID_ZCOHNC,6.117989260703662e-05,7.152657542122672e-05,7.74696141912608e-05,0.9997898239177804
ID_ZCQPZJ,5.906328397163249e-05,0.00011349121899321824,7.475530044654164e-05,0.9997526901965886
ID_ZDAUAT,0.9988199917916958,0.00013529030796721574,0.000892924801428661,0.00015179309890827063
ID_ZDCEPH,9.316555612795875e-05,0.9996640789089917,0.00011793902909037918,0.00012481650578996404
ID_ZDXTOM,7.68321129647975e-05,0.00010421629709169306,9.241435422984687e-05,0.9997265372357137
ID_ZGPWDB,0.9996675206102356,8.14734097358324e-05,0.00016038982619647095,9.061615383212339e-05
ID_ZIMSNW,6.244138571478714e-05,0.9997781899032199,7.875213213809367e-05,8.06165789272981e-05
ID_ZIQGRT,6.004011672015246e-05,7.38124032861254e-05,7.589753302970369e-05,0.999790249946964
ID_ZIZGXX,0.9996732631956826,8.3881219944723e-05,0.00014987295661259334,9.298262776003026e-05
ID_ZJDYLK,0.9992195293968239,0.0001344210816762145,0.0004965789844825064,0.0001494705370173128
ID_ZKEAEO,0.9913042612684508,0.0005938381555560628,0.007444286977914953,0.0006576135980782799
ID_ZLFEAA,0.00016777051033616485,8.849241126781092e-05,0.9996452145237299,9.85225546661951e-05
ID_ZLNIVC,6.677508386833868e-05,7.85946818051458e-05,8.439285118414763e-05,0.9997702373831424
ID_ZLNTXR,0.9995905940045086,9.409020371529983e-05,0.00021066719282393994,0.000104648598952302
ID_ZMEKSI,6.289648568596459e-05,7.131520867170596e-05,0.999786241388649,7.954691699325547e-05
ID_ZMZPNF,6.919525942354604e-05,0.999757347876164,8.57379532485324e-05,8.771891116392342e-05
ID_ZNJUOS,0.00012353314671447363,8.510906739381743e-05,0.9996964612210608,9.489656483082468e-05
ID_ZOAAVW,0.00020541270449834172,7.683063879664607e-05,0.999631635765572,8.612089113292937e-05
ID_ZOCTOI,6.305149247455158e-05,7.0716765643483e-05,0.9997874923014951,7.873944038684012e-05
ID_ZOJNBU,0.9995680267599911,0.00010296846061483846,0.0002144207244517824,0.00011458405494223323
ID_ZPHTGI,0.9989001278885548,0.00013024769671110512,0.0008253261433916279,0.0001442982713423668
ID_ZPMIGD,0.9981972648935724,0.00021057974622555348,0.0013589374845145211,0.00023321787568757982
ID_ZPRUAS,6.388742464054517e-05,0.9997734496100705,7.965782300546337e-05,8.300514228344716e-05
ID_ZPVCGH,6.023729327591601e-05,7.001415179445842e-05,7.622999481868952e-05,0.9997935185601109
ID_ZPWGNB,0.0002558483529018251,0.0001163368672104594,0.9994983793909029,0.00012943538898486551
ID_ZQJSXK,0.0007309912917545124,0.0003355525580729868,0.9985596063201576,0.00037384983001485567
ID_ZQPHOL,0.00015048465205031477,8.747686009242342e-05,0.9996669993353545,9.503915250279674e-05
ID_ZQTHSJ,6.138172579571403e-05,7.120439346758304e-05,7.770376974966178e-05,0.999789710110987
ID_ZRCWCQ,8.580619781213028e-05,7.241940277807974e-05,0.9997605462621753,8.12281372345172e-05
ID_ZRRDIN,0.0001046788282934324,0.00012703811412415232,0.000132170395713269,0.9996361126618691
ID_ZTKFQH,0.0001101733767548513,0.0007922617938229948,0.00014881929557320644,0.9989487455338489
ID_ZTRJPX,6.260503831368613e-05,0.9997776386938583,7.893927213637234e-05,8.081699569158058e-05
ID_ZUTVQY,0.9989727117722672,0.00016946637684323645,0.0006697160859414085,0.00018810576494809525
ID_ZWFLBS,6.0152447587857615e-05,7.016979310279442e-05,7.616853207933759e-05,0.99979350922723
ID_ZWKWIN,7.073197660588373e-05,8.87389798003528e-05,8.935220303166911e-05,0.999751176840562
ID_ZWMJPU,6.651628789715811e-05,8.924456992394333e-05,8.421710528640608e-05,0.9997600220368924
ID_ZWUJFO,0.0018319817799191218,0.0003845445528275584,0.9973880029072433,0.00039547076000995675
ID_ZXNUDJ,0.9882767026709727,0.0006040473228919803,0.010451025450903003,0.0006682245552323445
ID_ZXTCJH,0.00014225268576505183,0.0003161475411464727,0.00017932452260513817,0.9993622752504834
ID_ZZIPPX,0.9996412086497218,8.89666665607301e-05,0.0001708231911987001,9.900149251887831e-05
ID_ZZWUCJ,0.0003207168283324482,0.00012505418510643508,0.9994152493680831,0.00013897961847798097
